`title`,`year`,`album`,`songwriter`,`lead_vocals`,`chart_position_uk`,`chart_position_us`,`echo_id`,`energy`,`tempo`,`speechiness`,`key`,`duration`,`liveness`,`mode`,`time_signature`,`loudness`,`danceability`,`self_references`,`social_words`,`positive_emotions`,`negative_emotions`,`cognitive_words`,`articles`,`big_words`,`word_count`,`unique_word_count`,`longest_word`
`A Day in the Life`,`1967`,`Sgt. Pepper's Lonely Hearts Club Band`,`Lennon and McCartney`,`Lennon and McCartney`,`63`,``,`TRQIWBC13E35ADDC68`,`0.4429624264847937`,`79.946`,`0.06787733624949194`,`e`,`337.3971`,`0.9027635813970613`,`minor`,`4`,`-14.754`,`0.36006871792768785`,`7.58`,`10.9`,`2.84`,`0.47`,`6.16`,`10.43`,`6.64`,`199`,`118`,`downstairs`
`A Hard Day's Night`,`1964`,`A Hard Day's Night`,`Lennon`,`Lennon and McCartney`,`1`,`1`,`TRJGMEA13E355D1955`,`0.8429308827636494`,`138.508`,`0.03957764490152532`,`g`,`154.17424`,`0.10310184530412887`,`major`,`4`,`-7.207`,`0.5885207880131782`,`12.94`,`11.44`,`1`,`1`,`11.44`,`4.98`,`7.46`,`193`,`62`,`everything`
`Across the Universe`,`1968`,`Let It Be`,`Lennon`,`Lennon`,``,``,`TRVYGAK13E35857F0B`,`0.40088613270613765`,`76.089`,`0.025684491869399417`,`c#`,`228.12689`,`0.08213476121788683`,`major`,`4`,`-12.538`,`0.39928713647651787`,`8.54`,`4.88`,`3.05`,`1.22`,`1.83`,`6.1`,`18.9`,`159`,`82`,`possessing`
`All I've Got to Do`,`1963`,`With the Beatles`,`Lennon`,`Lennon`,``,``,`TRJOTXW13E35B8A08E`,`0.5631776593204799`,`119.058`,`0.034566140478852814`,`c#`,`122.56608`,`0.07307544311698537`,`minor`,`4`,`-10.931`,`0.49717228485045273`,`14.94`,`18.83`,`1.95`,`0`,`3.25`,`3.25`,`5.84`,`154`,`42`,`whenever`
`All My Loving`,`1963`,`With the Beatles`,`McCartney`,`McCartney`,``,`45`,`TRLDDPL13E35B8D3DE`,`0.5629672268773992`,`77.581`,`0.02859233973452302`,`c#`,`127.84281`,`0.3586944734392153`,`minor`,`4`,`-9.359`,`0.42247568393442775`,`22.35`,`7.06`,`12.94`,`2.35`,`2.35`,`1.18`,`7.06`,`85`,`40`,`tomorrow`
`All Together Now`,`1967`,`Yellow Submarine`,`McCartney`,`McCartney, with Lennon`,``,``,`TRKBZNS13E35BB3005`,`0.44502705292655437`,`96.084`,`0.06148015566831433`,`d`,`130.87302`,`0.5818541232054114`,`major`,`4`,`-10.23`,`0.5889558076298661`,`12.09`,`5.49`,`3.3`,`0`,`0`,`8.79`,`3.3`,`88`,`53`,`together`
`All You Need Is Love`,`1967`,`Magical Mystery Tour`,`Lennon`,`Lennon`,`1`,`1`,`TRPCGOL13E358B20BA`,`0.47205523363129914`,`103.43`,`0.028722205203955797`,`g`,`230.37342`,`0.15436833462842006`,`major`,`4`,`-8.498`,`0.40267972407218205`,`0`,`17.62`,`17.14`,`0`,`13.33`,`0.48`,`5.24`,`208`,`49`,`everybody`
`And I Love Her`,`1964`,`A Hard Day's Night`,`McCartney`,`McCartney`,``,`12`,`TRVBGVI13E35798E5A`,`0.3332994582499727`,`113.29`,`0.03502400150108431`,`a`,`149.68118`,`0.06139648020788029`,`major`,`4`,`-11.746`,`0.7674079649789792`,`17.48`,`14.56`,`13.59`,`0`,`4.85`,`5.83`,`1.94`,`102`,`46`,`ev'rything`
`And Your Bird Can Sing`,`1966`,`Revolver`,`Lennon`,`Lennon`,``,``,`TRAEFOC13E35A3F275`,`0.7258757927588678`,`132.574`,`0.03135417928060169`,`e`,`120.47628`,`0.23136124141677`,`major`,`4`,`-7.661`,`0.5650427928381284`,`12.26`,`26.42`,`0.94`,`0`,`5.66`,`0`,`3.77`,`106`,`50`,`possessions`
`Another Girl`,`1965`,`Help!`,`McCartney`,`McCartney`,``,``,`TRPHJZL13E3583034B`,`0.6798055446670527`,`88.691`,`0.033191828156443115`,`d`,`125.33506`,`0.31867829382060825`,`major`,`4`,`-8.094`,`0.5033469779972273`,`14.01`,`16.43`,`1.45`,`0.97`,`8.7`,`2.42`,`9.66`,`206`,`70`,`somebody`
`Any Time at All`,`1964`,`A Hard Day's Night`,`Lennon`,`Lennon, with McCartney`,``,``,`TRKKURK13E357ACE75`,`0.7401375819506976`,`141.371`,`0.03763168628745528`,`d`,`131.26485`,`0.3141890546630834`,`major`,`3`,`-7.799`,`0.5998441490274418`,`9.03`,`10.97`,`1.29`,`2.58`,`5.81`,`1.29`,`5.16`,`154`,`56`,`sympathize`
`Ask Me Why`,`1962`,`Please Please Me`,`Lennon`,`Lennon`,``,``,`TRJPBWO13E35909D93`,`0.3832271401317487`,`134.516`,`0.038375092508297404`,`e`,`146.52036`,`0.10461482261263241`,`major`,`4`,`-11.97`,`0.6035543059982105`,`22.73`,`11.93`,`5.11`,`2.84`,`13.64`,`1.14`,`6.82`,`176`,`60`,`understand`
`Baby You're a Rich Man`,`1967`,`Magical Mystery Tour`,`Lennon and McCartney`,`Lennon`,`1`,`34`,`TRXBHRP13E358ACC81`,`0.6181799760835217`,`96.77`,`0.034112372589340856`,`c`,`181.28934`,`0.1943225903394198`,`major`,`4`,`-10.327`,`0.6173162116773195`,`0`,`24.61`,`7.85`,`0`,`7.85`,`10.99`,`4.19`,`174`,`66`,`beautiful`
`Baby's in Black`,`1964`,`Beatles for Sale`,`Lennon and McCartney`,`Lennon and McCartney`,``,``,`TRJWAMT13E3580E2AF`,`0.6109643351445261`,`101.621`,`0.0339414226719052`,`a`,`124.49914`,`0.21083096382653407`,`major`,`3`,`-8.373`,`0.6115426938581533`,`11.29`,`12.9`,`2.69`,`0`,`12.37`,`1.61`,`5.91`,`175`,`44`,`dressed`
`Back in the U.S.S.R`,`1968`,`The Beatles`,`McCartney`,`McCartney`,`19`,``,`TRPOHUY13E35AE5DE6`,`0.9637848375128374`,`142.499`,`0.07512853242136935`,`d`,`163.44771`,`0.09003051117147472`,`major`,`4`,`-8.133`,`0.48060765774027026`,`7.61`,`13.59`,`3.26`,`0.54`,`5.43`,`13.59`,`5.43`,`183`,`95`,`balalaika's`
`Because`,`1969`,`Abbey Road`,`Lennon`,`Lennon, McCartney, Harrison`,``,``,`TRAATIX13E357E9438`,`0.23841092099374345`,`80.061`,`0.027585848749019204`,`d`,`165.642`,`0.08160192269780626`,`major`,`4`,`-12.478`,`0.3204728944994417`,`5.17`,`1.72`,`6.9`,`1.72`,`12.07`,`10.34`,`17.24`,`54`,`22`,`because`
`Being for the Benefit of Mr. Kite!`,`1967`,`Sgt. Pepper's Lonely Hearts Club Band`,`Lennon`,`Lennon`,``,``,`TRIIGGJ13E35AC1B4C`,`0.4089283890752051`,`112.212`,`0.03717071657936649`,`c`,`157.51791`,`0.11152389130683425`,`major`,`4`,`-10.435`,`0.5449950932365717`,`0`,`4.67`,`2`,`0.67`,`0.67`,`10.67`,`17.33`,`142`,`88`,`bishopsgate`
`Birthday`,`1968`,`The Beatles`,`McCartney`,`McCartney, with Lennon`,``,``,`TRJNTWG13E35B347EE`,`0.7170034654484198`,`139.162`,`0.0426406175719789`,`a`,`163.05587`,`0.2093578134778512`,`major`,`4`,`-8.08`,`0.551387092029187`,`10.48`,`27.62`,`13.33`,`0`,`1.9`,`5.71`,`14.29`,`94`,`27`,`birthday`
`Blackbird`,`1968`,`The Beatles`,`McCartney`,`McCartney`,``,``,`TRDFECL13E35B1A2E7`,`0.11044876583722507`,`93.708`,`0.03203890968968076`,`g`,`138.37016`,`0.061729799763978806`,`major`,`4`,`-15.236`,`0.6882088348603773`,`0`,`6.45`,`0.81`,`0`,`7.26`,`5.65`,`12.1`,`124`,`35`,`blackbird`
`Blue Jay Way`,`1967`,`Magical Mystery Tour`,`Harrison`,`Harrison`,``,``,`TRJMKDJ13E3588E783`,`0.411696732457202`,`98.631`,`0.03166307455020401`,`c`,`235.04934`,`0.08266696659644955`,`major`,`4`,`-12.221`,`0.2450910222816025`,`4.69`,`8.85`,`0`,`1.04`,`0.52`,`2.08`,`4.17`,`190`,`66`,`themselves`
`Can't Buy Me Love`,`1964`,`A Hard Day's Night`,`McCartney`,`McCartney`,`1`,`1`,`TRBKFHV13E357A9D85`,`0.6619927966080593`,`86.203`,`0.05166702656925459`,`c`,`131.86567`,`0.3475671155670837`,`minor`,`4`,`-6.73`,`0.5852998087936074`,`15.97`,`14.58`,`9.03`,`0`,`6.25`,`2.08`,`4.86`,`142`,`52`,`everybody`
`Carry That Weight`,`1969`,`Abbey Road`,`McCartney`,`Lennon, McCartney, Harrison and Starkey`,``,``,`TROVOTF13E357FE481`,`0.4680728847898881`,`84.04`,`0.0280692393059932`,`c`,`96.44363`,`0.2566883096550533`,`major`,`4`,`-9.649`,`0.5444662620662003`,`7.14`,`17.14`,`0`,`0`,`0`,`8.57`,`2.86`,`66`,`24`,`celebrations`
`Come Together`,`1969`,`Abbey Road`,`Lennon`,`Lennon`,`4`,`1`,`TRINOHC13E35532652`,`0.36773320845329677`,`82.725`,`0.03326338492052516`,`a`,`259.94404`,`0.10740652742230829`,`minor`,`4`,`-12.56`,`0.6951113089805966`,`3.12`,`21.88`,`1.25`,`0`,`3.75`,`0.62`,`11.88`,`154`,`78`,`roller-coaster`
`Cry Baby Cry`,`1968`,`The Beatles`,`Lennon`,`Lennon, with McCartney`,``,``,`TRJVPUU13E35B6DD5F`,`0.5535094187562967`,`76.728`,`0.03678108468423441`,`c`,`182.07302`,`0.14856992412024952`,`major`,`4`,`-12.369`,`0.5282169245600999`,`0`,`17.57`,`4.5`,`12.61`,`3.15`,`10.36`,`11.26`,`217`,`72`,`childrens`
`Day Tripper`,`1965`,`Past Masters Volume 2`,`Lennon`,`Lennon and McCartney`,`1`,`5`,`TRZRVBY13E358D6014`,`0.7211932301345244`,`137.717`,`0.02935696557845363`,`f#`,`169.1424`,`0.27070410774980064`,`minor`,`4`,`-11.167`,`0.645949814681509`,`5.26`,`10.53`,`5.26`,`1.75`,`7.02`,`10.53`,`4.39`,`106`,`41`,`tripper`
`Dear Prudence`,`1968`,`The Beatles`,`Lennon`,`Lennon`,``,``,`TRJMOAO13E35AEB16F`,`0.5072472287621368`,`75.587`,`0.04187786779660746`,`d`,`235.75465`,`0.033668289943978316`,`major`,`4`,`-11.163`,`0.34742659593367187`,`2.59`,`11.21`,`13.79`,`0.86`,`3.45`,`7.76`,`9.48`,`114`,`52`,`everything`
`Dig It`,`1969`,`Let It Be`,`Lennon, McCartney, Harrison and Starkey`,`Lennon`,``,``,`TRWDKNN13E3585E470`,`0.4845249032336043`,`78.791`,`0.12494055521467001`,`d`,`50.442`,`0.41234877375322637`,`minor`,`3`,`-12.94`,`0.5872248017253756`,`1.52`,`3.03`,`1.52`,`0`,`0`,`10.61`,`4.55`,`63`,`30`,`rolling`
`Dig a Pony`,`1969`,`Let It Be`,`Lennon`,`Lennon`,``,``,`TRJNSPI13E35852E9A`,`0.4585901553840887`,`118.583`,`0.048359602755888076`,`b`,`234.9971`,`0.23876130174965438`,`minor`,`3`,`-9.727`,`0.48277768256531534`,`6.82`,`21.59`,`0`,`0`,`8.52`,`3.41`,`14.77`,`168`,`50`,`ev'rything`
`Do You Want to Know a Secret`,`1963`,`Please Please Me`,`Lennon`,`Harrison`,``,`2`,`TRKGDGI13E35916703`,`0.34296878500714734`,`124.296`,`0.03691025543315607`,`f#`,`117.002`,`0.36821832482247846`,`minor`,`4`,`-13.179`,`0.6771870870234794`,`7.19`,`25.18`,`3.6`,`0`,`11.51`,`5.76`,`4.32`,`129`,`43`,`whisper`
`Doctor Robert`,`1966`,`Revolver`,`Lennon`,`Lennon`,``,``,`TRVHYFG13E35A45611`,`0.6702821135334189`,`82.125`,`0.03822781189620644`,`e`,`134.24281`,`0.17120259579668587`,`major`,`4`,`-9.578`,`0.4982795333568689`,`2.05`,`23.97`,`2.05`,`0`,`6.16`,`3.42`,`8.9`,`142`,`67`,`understand`
`Don't Bother Me`,`1963`,`With the Beatles`,`Harrison`,`Harrison`,``,``,`TRBFJNI13E35B91823`,`0.7416488421944208`,`85.825`,`0.04681532945184369`,`d`,`148.24444`,`0.29824023335396876`,`major`,`4`,`-10.462`,`0.49361279448845435`,`16.5`,`9`,`0`,`7`,`9`,`2.5`,`1.5`,`200`,`72`,`because`
`Don't Let Me Down`,`1969`,`Past Masters Volume 2`,`Lennon`,`Lennon`,``,`35`,`TRBLNDR13E358FB109`,`0.28804340224544894`,`76.331`,`0.027199345873687886`,`e`,`215.58812`,`0.10955366752002203`,`major`,`4`,`-11.419`,`0.5986368615969286`,`18.42`,`8.55`,`5.92`,`0`,`5.26`,`2.63`,`1.32`,`146`,`41`,`somebody`
`Don't Pass Me By`,`1968`,`The Beatles`,`Starkey`,`Starkey`,``,``,`TRGEQIZ13E35B27518`,`0.5254640202573592`,`85.096`,`0.02599046870662608`,`c`,`230.45179`,`0.1433179057934955`,`major`,`4`,`-10.329`,`0.5980687452685514`,`15.12`,`15.12`,`2.91`,`4.07`,`9.3`,`3.49`,`6.4`,`171`,`87`,`a'ticking`
`Drive My Car`,`1965`,`Rubber Soul`,`McCartney`,`McCartney`,``,``,`TRRDZFX13E35A54FDA`,`0.5875097955497872`,`122.448`,`0.04071258258278099`,`d`,`148.87138`,`0.2966474650977804`,`major`,`4`,`-9.071`,`0.7567611739827805`,`12.44`,`20.74`,`2.76`,`0`,`3.69`,`5.53`,`3.69`,`206`,`67`,`understood`
`Eight Days a Week`,`1964`,`Beatles for Sale`,`Lennon and McCartney`,`Lennon, with McCartney`,``,`1`,`TRXNNSZ13E35814F91`,`0.5843705687764806`,`69.085`,`0.0351752218352257`,`d`,`163.57832`,`0.10870958871914833`,`major`,`4`,`-8.493`,`0.6132000310211504`,`12.8`,`13.6`,`12.8`,`0`,`10.4`,`8`,`1.6`,`114`,`42`,`enough`
`Eleanor Rigby`,`1966`,`Revolver`,`McCartney`,`McCartney`,`1`,`11`,`TRVGMGZ13E35921065`,`0.280519993629169`,`138.14`,`0.0381411116791856`,`e`,`126.51057`,`0.3133461594608572`,`minor`,`4`,`-9.81`,`0.57366636971292`,`0`,`14.12`,`0.56`,`5.08`,`1.13`,`12.43`,`5.65`,`171`,`80`,`mckenzie`
`Every Little Thing`,`1964`,`Beatles for Sale`,`McCartney`,`Lennon and McCartney`,``,``,`TRMEXVO13E35817D6A`,`0.4966836171736776`,`123.136`,`0.03678808683545942`,`a`,`123.79383`,`0.12511371744796648`,`major`,`4`,`-9.805`,`0.7419391818021176`,`14.47`,`16.35`,`5.03`,`0.63`,`6.29`,`3.14`,`4.4`,`155`,`57`,`everybody's`
`Everybody's Got Something to Hide Except Me and My Monkey`,`1968`,`The Beatles`,`Lennon`,`Lennon`,``,``,`TRNKZLA13E35B41DC9`,`0.727980299365623`,`117.393`,`0.05791984234004194`,`d`,`144.77016`,`0.06312200966882943`,`major`,`4`,`-9.205`,`0.5220922655614963`,`3.55`,`6.51`,`10.65`,`0`,`0`,`5.92`,`4.73`,`163`,`32`,`everybody's`
`Fixing a Hole`,`1967`,`Sgt. Pepper's Lonely Hearts Club Band`,`McCartney`,`McCartney`,``,``,`TREIEYM13E35AB9413`,`0.49517934693836674`,`113.077`,`0.04294522395108735`,`c`,`156.81261`,`0.09209413355069025`,`major`,`4`,`-9.658`,`0.47294386917447406`,`15.76`,`4.24`,`1.21`,`3.03`,`7.27`,`6.06`,`9.09`,`162`,`68`,`colourful`
`Flying`,`1967`,`Magical Mystery Tour`,`Lennon, McCartney, Harrison and Starkey`,`N/A`,``,``,`TREEHRR13E358892DA`,`0.358279044305867`,`92.913`,`0.07110630999935136`,`c`,`135.49669`,`0.08962411408564419`,`major`,`4`,`-15.35`,`0.5560799577613738`,``,``,``,``,``,``,``,`0`,`0`,``
`For No One`,`1966`,`Revolver`,`McCartney`,`McCartney`,``,``,`TRYRNLU13E35A421E0`,`0.36733552525218965`,`81.328`,`0.028968805990731872`,`b`,`119.7971`,`0.11968147713974853`,`major`,`4`,`-11.338`,`0.4851613780209545`,`0`,`24.34`,`4.23`,`4.23`,`10.05`,`4.23`,`4.23`,`186`,`78`,`kindness`
`For You Blue`,`1969`,`Let It Be`,`Harrison`,`Harrison`,``,`1`,`TRSNTXD13E35878157`,`0.5330130000583793`,`128.534`,`0.07393864977087306`,`d`,`152.18893`,`0.24747999700893425`,`major`,`4`,`-11.264`,`0.8802839022354535`,`14.05`,`23.14`,`14.88`,`0`,`6.61`,`2.48`,`5.79`,`121`,`48`,`morining`
`From Me To You`,`1963`,`Past Masters Volume 1`,`Lennon and McCartney`,`Lennon and McCartney`,`1`,`41`,`TREKRVZ13E358B4ED3`,`0.6912790351099771`,`136.162`,`0.03146723495183107`,`a`,`117.08036`,`0.2762912401310171`,`minor`,`4`,`-9.341`,`0.645322508835593`,`13.76`,`14.29`,`5.82`,`0`,`6.35`,`0.53`,`7.94`,`185`,`40`,`everything`
`Get Back`,`1969`,`Let It Be`,`McCartney`,`McCartney`,`1`,`1`,`TRTEFIS13E3587DB28`,`0.5688921790112617`,`123.113`,`0.06702371983570404`,`g`,`189.36118`,`0.40758180025490165`,`major`,`4`,`-10.616`,`0.7565014392544156`,`0.93`,`14.88`,`1.4`,`0.47`,`5.12`,`3.72`,`12.56`,`208`,`73`,`california`
`Getting Better`,`1967`,`Sgt. Pepper's Lonely Hearts Club Band`,`McCartney`,`McCartney`,``,``,`TRWUYVL13E35AB4C6B`,`0.4706442261636398`,`122.014`,`0.033970154145548825`,`c`,`168.09751`,`0.07426614071429069`,`major`,`4`,`-8.598`,`0.642433657218984`,`17.5`,`11.88`,`8.12`,`1.88`,`5.62`,`7.5`,`9.38`,`157`,`74`,`changing`
`Girl`,`1965`,`Rubber Soul`,`Lennon`,`Lennon`,``,``,`TRZVCYO13E35A93160`,`0.29599091727182475`,`96.51`,`0.028341884678290852`,`f`,`151.71873`,`0.1793427986030197`,`minor`,`4`,`-13.913`,`0.7008773538794407`,`3.45`,`28.08`,`1.48`,`1.97`,`8.37`,`5.42`,`6.9`,`196`,`90`,`understood`
`Glass Onion`,`1968`,`The Beatles`,`Lennon`,`Lennon`,``,``,`TRRMAQJ13E35AEE42A`,`0.5167451896964909`,`120.47`,`0.04640732763306554`,`g`,`137.82159`,`0.10238029278138178`,`minor`,`4`,`-10.458`,`0.5140483901390204`,`5.07`,`15.94`,`0`,`0`,`5.07`,`10.14`,`11.59`,`127`,`74`,`everything`
`Golden Slumbers`,`1969`,`Abbey Road`,`McCartney`,`McCartney`,``,``,`TRFCZIT13E357FB733`,`0.1353346697366593`,`81.044`,`0.028407391364003276`,`d`,`91.74159`,`0.10673247658086531`,`minor`,`4`,`-13.157`,`0.407125660686353`,`3.53`,`3.53`,`4.71`,`3.53`,`3.53`,`8.24`,`11.76`,`78`,`30`,`lullabye`
`Good Day Sunshine`,`1966`,`Revolver`,`McCartney`,`McCartney`,``,``,`TROHQFS13E35A3BAA9`,`0.49723753871369136`,`117.218`,`0.048587562413412444`,`e`,`129.27955`,`0.12052566689894077`,`major`,`3`,`-9.08`,`0.7391385430090557`,`10.34`,`7.76`,`18.97`,`0.86`,`3.45`,`6.03`,`14.66`,`113`,`58`,`something`
`Good Morning Good Morning`,`1967`,`Sgt. Pepper's Lonely Hearts Club Band`,`Lennon`,`Lennon`,``,``,`TRUZZTN13E35AD3F2E`,`0.5965356816679444`,`121.74`,`0.12222188914713955`,`d`,`161.20118`,`0.7762686283293828`,`major`,`3`,`-9.541`,`0.5600838688995503`,`1.98`,`16.34`,`6.44`,`0.99`,`7.43`,`5.45`,`14.85`,`197`,`103`,`everything`
`Good Night`,`1968`,`The Beatles`,`Lennon`,`Starkey`,``,``,`TRHYBYG13E35B7D2BA`,`0.3099573372335244`,`72.271`,`0.03696301197983293`,`g`,`193.74975`,`0.11106598503162415`,`major`,`4`,`-15.375`,`0.08069474265909085`,`6.73`,`9.62`,`15.38`,`0`,`0`,`2.88`,`2.88`,`104`,`32`,`everywhere`
`Got To Get You Into My Life`,`1966`,`Revolver`,`McCartney`,`McCartney`,``,`7`,`TRIFWLJ13E35A4D469`,`0.5276105233425912`,`136.957`,`0.02986811128578254`,`c`,`149.2371`,`0.09239915268590981`,`major`,`4`,`-6.926`,`0.5394883335623262`,`18.57`,`14.76`,`0.48`,`1.43`,`16.19`,`1.43`,`3.81`,`202`,`74`,`suddenly`
`Happiness Is a Warm Gun`,`1968`,`The Beatles`,`Lennon`,`Lennon`,``,``,`TRYPUMF13E35B092A1`,`0.5448199631443689`,`70.216`,`0.05524484028450766`,`a`,`164.54485`,`0.1477564017243813`,`minor`,`4`,`-10.342`,`0.47593112572378793`,`6.96`,`11.39`,`7.59`,`0.63`,`4.43`,`12.66`,`10.76`,`149`,`83`,`multicoloured`
`Hello Goodbye`,`1967`,`Magical Mystery Tour`,`McCartney`,`McCartney`,`1`,`1`,`TRXIKQB13E3589DE59`,`0.7639897070135375`,`99.57`,`0.026273006748385674`,`c`,`208.8224`,`0.4460659008209647`,`major`,`4`,`-9.425`,`0.4770739979893617`,`13.16`,`40.35`,`0`,`0.44`,`11.84`,`0`,`10.53`,`223`,`29`,`goodbye`
`Help!`,`1965`,`Help!`,`Lennon`,`Lennon`,`1`,`1`,`TRWTBQN13E358230D7`,`0.7577699282409326`,`95.004`,`0.03803522324224823`,`f#`,`139.54567`,`0.08003286873857741`,`minor`,`4`,`-8.13`,`0.5576865849677992`,`17.39`,`14.35`,`1.3`,`0.43`,`9.57`,`2.61`,`9.57`,`228`,`76`,`independence`
`Helter Skelter`,`1968`,`The Beatles`,`McCartney`,`McCartney`,``,``,`TRGMPLE13E35B4CA19`,`0.8273454368221839`,`83.54`,`0.06992003101974292`,`e`,`269.76608`,`0.8469473390371127`,`major`,`4`,`-9.186`,`0.3089072393853526`,`14.04`,`15.74`,`1.28`,`0`,`7.23`,`6.81`,`4.68`,`230`,`60`,`skelter`
`Her Majesty`,`1969`,`Abbey Road`,`McCartney`,`McCartney`,``,``,`TRFIOHQ13E35804279`,`0.2655634779382235`,`100.843`,`0.09245551806940155`,`g`,`25.96526`,`0.1079511483423601`,`major`,`3`,`-23.802`,`0.7204483096691964`,`10.29`,`20.59`,`5.88`,`0`,`10.29`,`8.82`,`11.76`,`61`,`31`,`majesty's`
`Here Comes the Sun`,`1969`,`Abbey Road`,`Harrison`,`Harrison`,``,``,`TRQFERJ13E357E544C`,`0.5240330074182192`,`129.14`,`0.036686228583240166`,`a`,`185.73016`,`0.1952148034286449`,`major`,`4`,`-11.119`,`0.5515411795669226`,`3.45`,`2.76`,`4.83`,`0.69`,`4.83`,`7.59`,`5.52`,`144`,`34`,`returning`
`Here, There and Everywhere`,`1966`,`Revolver`,`McCartney`,`McCartney`,``,``,`TRQCEIB13E35A34484`,`0.24037513536800761`,`82.794`,`0.03157574657668483`,`g`,`144.87465`,`0.09215523298555152`,`major`,`4`,`-13.128`,`0.5012492019213458`,`9.2`,`11.66`,`9.2`,`0`,`14.72`,`1.84`,`13.5`,`162`,`65`,`everywhere`
`Hey Bulldog`,`1968`,`Yellow Submarine`,`Lennon`,`Lennon`,``,``,`TRYTEUJ13E35BB7D74`,`0.6303617122212174`,`101.249`,`0.029990859149966742`,`e`,`191.29424`,`0.28587105885925546`,`major`,`4`,`-9.621`,`0.6020017956848285`,`4.31`,`19.83`,`4.31`,`3.45`,`11.21`,`3.45`,`13.79`,`114`,`62`,`understands`
`Hey Jude`,`1968`,`Past Masters Volume 2`,`McCartney`,`McCartney`,`1`,`1`,`TRDWIML13E358F19AF`,`0.5666672312959914`,`73.636`,`0.024607681205289722`,`f`,`429.92281`,`0.08855548834302031`,`major`,`4`,`-9.963`,`0.4818381508557199`,`0.49`,`14.71`,`5.88`,`2.94`,`4.41`,`3.92`,`6.37`,`199`,`80`,`nanananaaa`
`Hold Me Tight`,`1963`,`With the Beatles`,`McCartney`,`McCartney`,``,``,`TRKZLCY13E35B9BA06`,`0.7772588344114578`,`135.638`,`0.030316790510477087`,`f`,`151.90159`,`0.13055171802950497`,`major`,`4`,`-10.212`,`0.5377151730667626`,`8.29`,`13.47`,`2.07`,`1.55`,`10.88`,`2.07`,`1.04`,`173`,`40`,`to-night`
`Honey Pie`,`1968`,`The Beatles`,`McCartney`,`McCartney`,``,``,`TRCNCJC13E35B65588`,`0.2920510317118028`,`71.618`,`0.07346440161330209`,`g`,`161.14893`,`0.15760161093070638`,`major`,`4`,`-16.221`,`0.6495404746017525`,`9.29`,`15.71`,`1.43`,`3.57`,`5`,`8.57`,`7.14`,`136`,`79`,`hollywood`
`I Am the Walrus`,`1967`,`Magical Mystery Tour`,`Lennon`,`Lennon`,``,`56`,`TRRZQVJ13E35899486`,`0.5479149373065768`,`85.312`,`0.05445297878004712`,`g`,`275.85261`,`0.6385580974076615`,`major`,`4`,`-11.183`,`0.36512999983900024`,`6.54`,`11.92`,`0.77`,`2.69`,`6.92`,`10.77`,`13.08`,`251`,`115`,`pornographic`
`I Call Your Name`,`1964`,`Past Masters Volume 1`,`Lennon`,`Lennon`,``,``,`TREUIGM13E358C27FE`,`0.6769250707799447`,`125.879`,`0.030442735739071747`,`a`,`128.93995`,`0.25698901092733095`,`major`,`4`,`-7.647`,`0.6901490663688049`,`16.28`,`16.28`,`0`,`3.49`,`6.98`,`1.16`,`1.16`,`84`,`44`,`mayayake`
`I Don't Want to Spoil the Party`,`1964`,`Beatles for Sale`,`Lennon`,`Lennon`,``,`39`,`TRNEKZF13E3581B492`,`0.6790031135765817`,`95.265`,`0.0331855751522675`,`g`,`154.46159`,`0.20896325800305604`,`major`,`4`,`-7.91`,`0.5372628717499026`,`20`,`8.29`,`6.34`,`3.9`,`12.2`,`3.41`,`5.85`,`201`,`68`,`disappointment`
`I Feel Fine`,`1964`,`Past Masters Volume 1`,`Lennon`,`Lennon`,`1`,`1`,`TRODKCR13E358C5F47`,`0.7599782240344948`,`90.31`,`0.0414486914740807`,`g`,`139.67628`,`0.21904319395010602`,`major`,`4`,`-8.871`,`0.5696851359787699`,`11.83`,`33.14`,`6.51`,`0`,`5.92`,`2.37`,`2.37`,`166`,`42`,`telling`
`I Me Mine`,`1970`,`Let It Be`,`Harrison`,`Harrison`,``,``,`TRHGDQX13E3585BC92`,`0.6498278343384858`,`90.162`,`0.03575691709063733`,`a`,`145.57995`,`0.10964085515156363`,`minor`,`1`,`-8.406`,`0.3857231980117881`,`56.4`,`3.49`,`2.91`,`2.91`,`0`,`2.91`,`7.56`,`154`,`36`,`frightened`
`I Need You`,`1965`,`Help!`,`Harrison`,`Harrison`,``,``,`TRWQWML13E3582D5A5`,`0.49045802095467106`,`136.396`,`0.048813985893909284`,`e`,`148.76689`,`0.12419129557191773`,`major`,`4`,`-9.334`,`0.6018454450732462`,`15.38`,`16.24`,`0.85`,`2.56`,`13.68`,`1.71`,`5.98`,`115`,`67`,`remember`
`I Saw Her Standing There`,`1963`,`Please Please Me`,`McCartney`,`McCartney, with Lennon`,``,`14`,`TRKOGNL13E35903915`,`0.7846062449789438`,`80.056`,`0.032722173865823545`,`a`,`173.92281`,`0.0605605323099768`,`minor`,`4`,`-10.367`,`0.5419471618389897`,`15.29`,`10.59`,`1.76`,`0`,`10`,`1.76`,`8.24`,`172`,`67`,`standing`
`I Should Have Known Better`,`1964`,`A Hard Day's Night`,`Lennon`,`Lennon`,`8`,`53`,`TRCPIUY13E35763437`,`0.4534492937779646`,`130.697`,`0.028364644350753865`,`g`,`163.05587`,`0.12034569704183812`,`major`,`4`,`-8.377`,`0.6830636739908612`,`14.89`,`20.21`,`8.51`,`0`,`9.57`,`2.13`,`2.13`,`85`,`40`,`everything`
`I Wanna Be Your Man`,`1963`,`With the Beatles`,`McCartney`,`Starkey`,``,``,`TRAJPTO13E35B9EDC7`,`0.912147813237843`,`99.182`,`0.048755793084563015`,`b`,`119.48363`,`0.3986992771310937`,`minor`,`4`,`-8.866`,`0.5510324608801772`,`17.39`,`38.51`,`4.97`,`0`,`0.62`,`0`,`0.62`,`161`,`17`,`understand`
`I Want To Tell You`,`1966`,`Revolver`,`Harrison`,`Harrison`,``,``,`TREXDHS13E35A497C1`,`0.5059263231753488`,`127.017`,`0.030318367916352673`,`a`,`147.9571`,`0.12965245170679712`,`major`,`4`,`-9.856`,`0.5086671522798067`,`18.98`,`12.41`,`0`,`0.73`,`18.98`,`0.73`,`3.65`,`137`,`67`,`understand`
`I Want You (She's So Heavy)`,`1969`,`Abbey Road`,`Lennon`,`Lennon`,``,``,`TRSFHXY13E357E09B7`,`0.518776972451599`,`115.771`,`0.032035047819345075`,`a`,`467.30404`,`0.12151550317581353`,`minor`,`4`,`-10.067`,`0.3866637722956171`,`16.67`,`22.22`,`0`,`11.11`,`11.11`,`0`,`5.56`,`18`,`11`,`driving`
`I Want to Hold Your Hand`,`1963`,`Past Masters Volume 1`,`Lennon and McCartney`,`Lennon and McCartney`,`1`,`1`,`TRQYQJV13E358BBD3A`,`0.7427290340558669`,`130.917`,`0.039482194738239385`,`g`,`146.52036`,`0.34247762180086316`,`major`,`4`,`-7.174`,`0.49294763266912944`,`18.78`,`16.02`,`2.21`,`0`,`16.57`,`1.1`,`6.08`,`177`,`38`,`understand`
`I Will`,`1968`,`The Beatles`,`McCartney`,`McCartney`,``,``,`TRHYAVG13E35B2C888`,`0.37814640229596436`,`102.982`,`0.0258661644845663`,`f`,`105.92608`,`0.07101867104655796`,`major`,`4`,`-12.19`,`0.6382815717950213`,`14.29`,`18.75`,`6.25`,`0.89`,`9.82`,`3.57`,`5.36`,`111`,`64`,`lifetime`
`I'll Be Back`,`1964`,`A Hard Day's Night`,`Lennon`,`Lennon`,``,``,`TRTXAHQ13E357BE7EA`,`0.5310287921768376`,`124.034`,`0.030232800651889713`,`a`,`144.16934`,`0.22503540701205355`,`major`,`4`,`-7.955`,`0.7317409764712426`,`14.55`,`11.52`,`2.42`,`1.21`,`15.76`,`1.82`,`3.64`,`148`,`59`,`surprise`
`I'll Cry Instead`,`1964`,`A Hard Day's Night`,`Lennon`,`Lennon`,``,`25`,`TRVQBAP13E357B0143`,`0.7343197247052012`,`96.84`,`0.03766437863730182`,`g`,`105.97832`,`0.30249855094262473`,`major`,`4`,`-7.583`,`0.6226910541943279`,`17.81`,`10.27`,`1.37`,`5.48`,`8.9`,`2.74`,`4.79`,`145`,`92`,`shoulder`
`I'll Follow the Sun`,`1964`,`Beatles for Sale`,`McCartney`,`McCartney`,``,``,`TRVFNYF13E35811021`,`0.3170301383896063`,`133.937`,`0.03509409960415566`,`g`,`108.85179`,`0.15800836171709928`,`major`,`4`,`-10.842`,`0.6857854057140056`,`11.81`,`6.3`,`1.57`,`1.57`,`8.66`,`9.45`,`3.94`,`123`,`40`,`tomorrow`
`I'm Down`,`1965`,`Past Masters Volume 1`,`McCartney`,`McCartney`,``,``,`TRYPGBP13E358D206B`,`0.8247526472904865`,`82.194`,`0.06017632686686186`,`g`,`153.86077`,`0.8377240686721874`,`major`,`4`,`-8.934`,`0.4375735985689529`,`17.13`,`13.81`,`3.87`,`2.21`,`9.94`,`2.21`,`3.87`,`181`,`52`,`yourself`
`I'm Happy Just to Dance with You`,`1964`,`A Hard Day's Night`,`Lennon`,`Harrison`,``,`95`,`TREAOBS13E3579573D`,`0.6162055019459428`,`132.085`,`0.03807198668549544`,`e`,`116.34893`,`0.06039466660983556`,`major`,`4`,`-8.189`,`0.6565059454147064`,`15.28`,`12.66`,`5.68`,`0`,`13.54`,`0`,`8.73`,`229`,`60`,`discovered`
`I'm Looking Through You`,`1965`,`Rubber Soul`,`McCartney`,`McCartney`,``,``,`TRMIBID13E35A965D9`,`0.5025141999907128`,`85.861`,`0.03502923406873715`,`c#`,`146.36363`,`0.04431398640517696`,`major`,`4`,`-11.6`,`0.6707861022347483`,`12.27`,`17.79`,`1.23`,`1.23`,`11.66`,`5.52`,`16.56`,`161`,`63`,`disappearing`
`I'm Only Sleeping`,`1966`,`Revolver`,`Lennon`,`Lennon`,``,``,`TRTGRWT13E35925BDA`,`0.4984717050257251`,`103.28`,`0.02795956761830176`,`d#`,`180.29669`,`0.26631675906507346`,`minor`,`4`,`-10.284`,`0.512649286683996`,`16.75`,`1.57`,`0`,`1.57`,`4.71`,`6.81`,`10.99`,`187`,`74`,`everywhere`
`I'm So Tired`,`1968`,`The Beatles`,`Lennon`,`Lennon`,``,``,`TRIKIJN13E35B16F9C`,`0.4754211555288226`,`70.188`,`0.24805021325539056`,`a`,`123.48036`,`0.40425453220693014`,`major`,`4`,`-10.135`,`0.433864572147913`,`19.55`,`12.03`,`0.75`,`1.5`,`13.53`,`3.76`,`6.02`,`127`,`73`,`everything`
`I'm a Loser`,`1964`,`Beatles for Sale`,`Lennon`,`Lennon`,``,``,`TRZKKQM13E3580B2C6`,`0.6518351335860957`,`90.146`,`0.04220784595669608`,`c`,`150.02077`,`0.330514841988767`,`major`,`4`,`-8.536`,`0.4907860215562835`,`19.15`,`7.45`,`3.72`,`7.98`,`6.38`,`9.04`,`6.38`,`174`,`80`,`although`
`I've Got a Feeling`,`1969`,`Let It Be`,`McCartney`,`McCartney, with Lennon`,`2`,`1`,`TRPWRJX13E3586AFF7`,`0.5956244867649308`,`82.84`,`0.02620319942533894`,`d`,`217.5473`,`0.6150715102479493`,`major`,`4`,`-9.417`,`0.564615462380061`,`8.97`,`5.52`,`1.38`,`1.38`,`7.59`,`8.28`,`13.79`,`119`,`69`,`wondering`
`I've Just Seen a Face`,`1965`,`Help!`,`McCartney`,`McCartney`,``,``,`TRZZDKK13E3584594C`,`0.5819217819725493`,`120.674`,`0.03804784532451494`,`a`,`125.02159`,`0.10527089982834252`,`major`,`4`,`-9.536`,`0.6815659695999359`,`13.33`,`12.38`,`0`,`0.95`,`4.29`,`4.76`,`10.48`,`188`,`67`,`tonight`
`If I Fell`,`1964`,`A Hard Day's Night`,`Lennon`,`Lennon and McCartney`,``,`53`,`TRKCMIN13E35792A71`,`0.3162450060504682`,`108.173`,`0.027954893228751776`,`d`,`139.44118`,`0.0868472668023261`,`major`,`4`,`-9.765`,`0.6806447987101137`,`13.95`,`13.18`,`10.85`,`3.88`,`15.5`,`1.55`,`3.1`,`127`,`65`,`understand`
`If I Needed Someone`,`1965`,`Rubber Soul`,`Harrison`,`Harrison`,``,``,`TRIQBFX13E35AA0B51`,`0.8204827286764127`,`127.426`,`0.037265620573094904`,`d`,`142.2624`,`0.14007076232086368`,`major`,`4`,`-9.869`,`0.48762155380079003`,`14.19`,`14.19`,`2.03`,`0`,`12.84`,`2.03`,`4.73`,`140`,`54`,`thinking`
`In My Life`,`1965`,`Rubber Soul`,`Lennon`,`Lennon`,``,``,`TRKATQG13E35A99CF2`,`0.550865645122956`,`103.198`,`0.050864401425397054`,`b`,`146.31138`,`0.11084783772461977`,`minor`,`4`,`-11.875`,`0.7076119352483837`,`15.38`,`16.24`,`0.85`,`2.56`,`13.68`,`1.71`,`5.98`,`115`,`67`,`remember`
`It Won't Be Long`,`1963`,`With the Beatles`,`Lennon`,`Lennon`,``,``,`TRUWVRE13E35B87258`,`0.6830199769931015`,`133.739`,`0.0379414394262334`,`c#`,`133.38077`,`0.20791528351014202`,`minor`,`4`,`-9.387`,`0.3696800492935719`,`13.97`,`9.56`,`2.94`,`2.94`,`7.35`,`0.74`,`2.21`,`136`,`56`,`ev'rybody`
`It's All Too Much`,`1967`,`Yellow Submarine`,`Harrison`,`Harrison`,``,``,`TRBAZXG13E35BC0771`,`0.769888766065523`,`113.579`,`0.03741539577240799`,`g`,`384.9922`,`0.08728915749644228`,`major`,`4`,`-8.388`,`0.40097199761918373`,`9.05`,`4.76`,`3.33`,`0`,`4.29`,`6.19`,`5.24`,`205`,`73`,`everywhere`
`It's Only Love`,`1965`,`Help!`,`Lennon`,`Lennon`,``,``,`TRBRLKG13E3583B091`,`0.5775514073092053`,`113.139`,`0.026439550955766444`,`c`,`116.47955`,`0.054365150535027405`,`major`,`3`,`-8.828`,`0.630889459053231`,`11.02`,`8.66`,`8.66`,`1.57`,`7.09`,`3.15`,`2.36`,`126`,`52`,`butterflies`
`Julia`,`1968`,`The Beatles`,`Lennon`,`Lennon`,``,``,`TRKMWMZ13E35B309B6`,`0.0775848187082068`,`94.446`,`0.031889853144768776`,`d`,`176.63955`,`0.11201649777854472`,`major`,`3`,`-16.845`,`0.36247621821432746`,`13.91`,`6.96`,`5.22`,`0`,`2.61`,`5.22`,`6.96`,`109`,`52`,`meaningless`
`Lady Madonna`,`1968`,`Past Masters Volume 2`,`McCartney`,`McCartney`,`1`,`4`,`TRMWYBT13E358E3F9B`,`0.7951346074602825`,`109.1`,`0.03165617082877559`,`a`,`137.56036`,`0.17298244579148378`,`minor`,`4`,`-8.301`,`0.6356680645752201`,`0`,`21.77`,`1.61`,`0`,`15.32`,`5.65`,`17.74`,`122`,`72`,`wednesday`
`Let It Be`,`1969`,`Let It Be`,`McCartney`,`McCartney`,``,``,`TRMUXTO13E35863752`,`0.3995596387470289`,`69.845`,`0.03374841323551331`,`c`,`243.01669`,`0.10909427972748416`,`major`,`4`,`-8.939`,`0.48207023151287426`,`3.31`,`3.72`,`3.31`,`0.41`,`2.89`,`4.13`,`4.96`,`240`,`62`,`standing`
`Little Child`,`1963`,`With the Beatles`,`Lennon and McCartney`,`Lennon and McCartney`,``,``,`TRHCHLL13E35B943E2`,`0.8672286537855279`,`75.693`,`0.04611179307937713`,`a`,`106.39628`,`0.39209002072938404`,`major`,`4`,`-9.146`,`0.5277586090085987`,`10.53`,`17.89`,`1.05`,`4.21`,`2.11`,`3.16`,`1.05`,`93`,`43`,`someone`
`Long, Long, Long`,`1968`,`The Beatles`,`Harrison`,`Harrison`,``,``,`TRVXQSJ13E35B5B594`,`0.13005656429280296`,`105.757`,`0.029904809583928382`,`f`,`186.30485`,`0.19905934729412317`,`major`,`3`,`-16.697`,`0.3604019002704658`,`16.05`,`14.81`,`6.17`,`3.7`,`12.35`,`2.47`,`3.7`,`75`,`35`,`searching`
`Love Me Do`,`1962`,`Please Please Me`,`McCartney`,`Lennon and McCartney`,`4`,`1`,`TREWRLT13E35910879`,`0.8215051484146324`,`73.913`,`0.05413640292096439`,`d`,`141.68771`,`0.1662972936616072`,`major`,`4`,`-6.897`,`0.5757869785651112`,`20.72`,`11.71`,`27.03`,`0`,`3.6`,`0`,`3.6`,`110`,`19`,`somebody`
`Love You To`,`1966`,`Revolver`,`Harrison`,`Harrison`,``,``,`TRECLOI13E35929EA9`,`0.5881292766861769`,`123.717`,`0.04184813303885204`,`f`,`179.80036`,`0.08288634875624006`,`major`,`3`,`-9.571`,`0.3495069038519883`,`7.78`,`13.33`,`4.44`,`1.11`,`5.56`,`6.67`,`5.56`,`86`,`67`,`lifetime`
`Lovely Rita`,`1967`,`Sgt. Pepper's Lonely Hearts Club Band`,`McCartney`,`McCartney`,``,``,`TRVXXHM13E35AD05B8`,`0.4657372591378774`,`87.949`,`0.026701890727411914`,`g#`,`162.08934`,`0.15435993010864069`,`major`,`4`,`-9.847`,`0.6128140956632945`,`6.45`,`12.26`,`5.16`,`0`,`3.23`,`7.74`,`7.74`,`145`,`89`,`discreetly`
`Lucy in the Sky with Diamonds`,`1967`,`Sgt. Pepper's Lonely Hearts Club Band`,`Lennon`,`Lennon`,``,``,`TRRIIWD13E35AB1046`,`0.3223973054298583`,`95.779`,`0.02647651761729103`,`d`,`208.45669`,`0.14839973624814792`,`major`,`4`,`-9.692`,`0.36004210164906353`,`0`,`12.05`,`0.6`,`0`,`1.81`,`13.25`,`19.88`,`159`,`87`,`kaleidoscope`
`Maggie Mae`,`1969`,`Let It Be`,`Lennon, McCartney, Harrison and Starkey`,`Lennon`,``,``,`TRTMSTD13E35865E2E`,`0.5678782857369357`,`84.646`,`0.13251558223879295`,`c`,`40.01914`,`0.10070848815001218`,`major`,`4`,`-12.795`,`0.6641527706782105`,`3.51`,`10.53`,`1.75`,`1.75`,`1.75`,`7.02`,`10.53`,`53`,`43`,`liverpool`
`Magical Mystery Tour`,`1967`,`Magical Mystery Tour`,`McCartney`,`McCartney`,``,``,`TRYCVXV13E35881B93`,`0.6208615049278754`,`85.972`,`0.057888846977930564`,`a`,`170.08281`,`0.11294266568000229`,`major`,`4`,`-9.637`,`0.32456423237787824`,`0.54`,`6.49`,`1.62`,`0`,`2.7`,`10.81`,`16.76`,`183`,`28`,`satisfaction`
`Martha My Dear`,`1968`,`The Beatles`,`McCartney`,`McCartney`,``,``,`TRCTFTK13E35B0D55D`,`0.2808782570445286`,`89.295`,`0.02931924928906443`,`a#`,`148.55791`,`0.13554740977245466`,`major`,`4`,`-12.281`,`0.6414085700950647`,`10.64`,`18.44`,`11.35`,`3.55`,`9.93`,`4.26`,`4.96`,`137`,`58`,`conversation`
`Maxwell's Silver Hammer`,`1969`,`Abbey Road`,`McCartney`,`McCartney`,``,``,`TRMZDWZ13E357CD848`,`0.435824426194993`,`65.62`,`0.04499204600700574`,`d`,`207.90812`,`0.12404409582486624`,`major`,`4`,`-11.66`,`0.7796227604711692`,`1.23`,`10.66`,`3.28`,`2.46`,`4.1`,`6.15`,`13.11`,`214`,`114`,`metaphysical`
`Mean Mr. Mustard`,`1969`,`Abbey Road`,`Lennon`,`Lennon`,``,``,`TRPUEQI13E357F3E59`,`0.5822909269312748`,`100.441`,`0.028440709260528274`,`b`,`66.5073`,`0.3784619606423337`,`major`,`4`,`-9.671`,`0.6796889229401206`,`0`,`12.22`,`0`,`0`,`2.22`,`12.22`,`5.56`,`81`,`55`,`go-getter`
`Michelle`,`1965`,`Rubber Soul`,`McCartney`,`McCartney`,``,``,`TREZOSX13E35A8B9E5`,`0.2777621795263283`,`117.165`,`0.03512804517544621`,`f`,`162.35057`,`0.10380353498697155`,`minor`,`4`,`-13.176`,`0.5976791906342251`,`20.15`,`17.16`,`3.73`,`0`,`15.67`,`2.24`,`8.96`,`132`,`53`,`understand`
`Misery`,`1963`,`Please Please Me`,`Lennon and McCartney`,`Lennon and McCartney`,``,``,`TRPCMAD13E359061D9`,`0.6344445217792567`,`133.385`,`0.03892086654062443`,`c`,`108.53832`,`0.2368288319783122`,`major`,`4`,`-11.608`,`0.573902170376358`,`10.94`,`12.5`,`0.78`,`10.16`,`9.38`,`5.47`,`7.03`,`121`,`60`,`remember`
`Mother Nature's Son`,`1968`,`The Beatles`,`McCartney`,`McCartney`,``,``,`TRDNZUC13E35B3E931`,`0.17963745524295058`,`84.805`,`0.026175913917777016`,`d`,`168.01914`,`0.18238144089186553`,`major`,`4`,`-17.74`,`0.6004187272997453`,`5.08`,`18.64`,`0`,`0`,`5.08`,`8.47`,`18.64`,`56`,`48`,`everyone`
`No Reply`,`1964`,`Beatles for Sale`,`Lennon`,`Lennon, with McCartney`,``,``,`TRCUGIG13E3580749C`,`0.5907122583580304`,`124.166`,`0.03654384902494606`,`c`,`136.04526`,`0.1212574866328728`,`major`,`4`,`-10.593`,`0.71211896893908`,`14.79`,`21.89`,`1.18`,`1.78`,`12.43`,`2.96`,`4.73`,`167`,`70`,`telephone`
`Norwegian Wood (This Bird Has Flown)`,`1965`,`Rubber Soul`,`Lennon`,`Lennon`,``,``,`TRRXPHP13E35A57FC6`,`0.34106225716430644`,`88.872`,`0.031090202160897695`,`e`,`124.682`,`0.11175100027636643`,`major`,`3`,`-12.408`,`0.59914866798875`,`14.53`,`16.24`,`2.56`,`0.85`,`0.85`,`5.13`,`7.69`,`113`,`68`,`norwegian`
`Not a Second Time`,`1963`,`With the Beatles`,`Lennon`,`Lennon`,``,``,`TRLBLCV13E35BA1FA3`,`0.8394637900923133`,`124.848`,`0.03745268942693869`,`d`,`126.82404`,`0.45437988844477356`,`major`,`4`,`-10.509`,`0.47255301115612713`,`15.25`,`15.25`,`1.69`,`6.78`,`11.86`,`3.39`,`6.78`,`56`,`40`,`wond'ring`
`Nowhere Man`,`1965`,`Rubber Soul`,`Lennon`,`Lennon`,``,`3`,`TRZUKLT13E35A7FBF9`,`0.631156362960426`,`121.421`,`0.04190587069640073`,`e`,`163.68281`,`0.09370503410234048`,`major`,`4`,`-10.266`,`0.5333683206750423`,`2.26`,`22.56`,`0`,`1.5`,`6.02`,`6.02`,`13.53`,`126`,`62`,`somebody`
`Ob-La-Di, Ob-La-Da`,`1968`,`The Beatles`,`McCartney`,`McCartney`,``,`49`,`TRXFVAL13E35AF8D89`,`0.744209869467693`,`113.117`,`0.03276849992692432`,`d#`,`188.94322`,`0.24512790523767086`,`major`,`4`,`-8.86`,`0.8267275057622363`,`1.2`,`11.38`,`2.4`,`0`,`3.59`,`12.57`,`5.99`,`152`,`84`,`molly-girl`
`Octopus's Garden`,`1969`,`Abbey Road`,`Starkey`,`Starkey`,``,``,`TRXGNXL13E357D6471`,`0.5155224924276665`,`92.341`,`0.025545335220866938`,`c#`,`170.70975`,`0.19849187895520912`,`minor`,`4`,`-9.815`,`0.6245405004082367`,`10.61`,`12.85`,`5.03`,`1.12`,`6.7`,`11.73`,`10.61`,`177`,`76`,`octopus's`
`Oh! Darling`,`1969`,`Abbey Road`,`McCartney`,`McCartney`,``,``,`TREXQWL13E357D26B9`,`0.6445313682853706`,`87.135`,`0.030066167689752787`,`e`,`207.22893`,`0.3345587559011792`,`major`,`1`,`-8.931`,`0.6069097652105662`,`19.51`,`18.9`,`3.05`,`3.05`,`9.76`,`0`,`9.15`,`159`,`34`,`anymore`
`Old Brown Shoe`,`1969`,`Past Masters Volume 2`,`Harrison`,`Harrison`,``,``,`TRMAVEV13E358FFA95`,`0.7688181972945101`,`142.838`,`0.08587453330069827`,`c`,`198.63465`,`0.1638870575999003`,`major`,`4`,`-10.252`,`0.5289466368530304`,`13.01`,`13.41`,`7.32`,`2.03`,`5.28`,`4.07`,`6.91`,`243`,`115`,`thoughtless`
`One After 909`,`1969`,`Let It Be`,`Lennon`,`Lennon and McCartney`,``,``,`TRLDKQN13E3586EE6E`,`0.821389132541139`,`91.081`,`0.06421611836379082`,`f#`,`173.94893`,`0.9377028952336266`,`minor`,`4`,`-7.104`,`0.5469091579828915`,`15.87`,`15.34`,`0`,`1.06`,`0.53`,`5.82`,`7.41`,`191`,`61`,`travelling`
`Only a Northern Song`,`1967`,`Yellow Submarine`,`Harrison`,`Harrison`,``,``,`TRTMWKT13E35BAFF29`,`0.7367697615258104`,`104.071`,`0.04925683743680631`,`a`,`204.48608`,`0.07864822460323571`,`major`,`4`,`-8.862`,`0.2780610329816304`,`6.81`,`9.42`,`3.66`,`0.52`,`10.47`,`4.71`,`9.95`,`185`,`69`,`listening`
`P.S. I Love You`,`1962`,`Please Please Me`,`McCartney`,`McCartney`,`4`,`10`,`TROBCJJ13E3591366D`,`0.6820429092060364`,`134.427`,`0.030337042485550747`,`d`,`124.3424`,`0.08399061266704393`,`major`,`4`,`-9.156`,`0.6419923197368638`,`15.09`,`20.75`,`13.84`,`0`,`3.14`,`1.26`,`5.66`,`156`,`38`,`treasure`
`Paperback Writer`,`1966`,`Past Masters Volume 2`,`McCartney`,`McCartney`,`1`,`1`,`TRAODNW13E358DC99D`,`0.7320075805419796`,`78.723`,`0.06417993798319904`,`g`,`138.55302`,`0.6200973255647528`,`major`,`4`,`-8.938`,`0.540250565327273`,`5.49`,`9.34`,`1.1`,`0`,`8.24`,`10.44`,`13.19`,`167`,`82`,`understand`
`Penny Lane`,`1967`,`Magical Mystery Tour`,`McCartney`,`McCartney`,`2`,`1`,`TRQZHEZ13E358A88CE`,`0.4738634963091795`,`113.018`,`0.029688756466626776`,`b`,`180.87138`,`0.12675814779771358`,`minor`,`4`,`-8.909`,`0.6772124440197429`,`4.7`,`5.98`,`1.71`,`0.85`,`2.99`,`12.82`,`13.25`,`222`,`103`,`photographs`
`Piggies`,`1968`,`The Beatles`,`Harrison`,`Harrison`,``,``,`TRORMMY13E35B1D7DF`,`0.4374501762839793`,`92.778`,`0.029509839296147478`,`g#`,`124.26404`,`0.4597598787150223`,`major`,`4`,`-9.833`,`0.5144595223988947`,`0`,`12.61`,`3.6`,`1.8`,`3.6`,`6.31`,`16.22`,`110`,`65`,`everywhere`
`Please Please Me`,`1962`,`Please Please Me`,`Lennon`,`Lennon and McCartney`,`2`,`3`,`TRKKJTI13E3590D141`,`0.5216311710202328`,`139.308`,`0.029001743348161024`,`e`,`120.842`,`0.07455184903400097`,`major`,`4`,`-10.221`,`0.5330869685027114`,`16.53`,`14.88`,`1.65`,`0.83`,`8.26`,`1.65`,`2.48`,`121`,`49`,`complainin`
`Polythene Pam`,`1969`,`Abbey Road`,`Lennon`,`Lennon`,``,``,`TRVPWTT13E357F5D19`,`0.9482835196658195`,`83.306`,`0.17094322409594337`,`e`,`72.61995`,`0.12213497286110028`,`major`,`4`,`-9.585`,`0.5734401525618736`,`0`,`21.05`,`2.63`,`1.32`,`11.84`,`9.21`,`11.84`,`71`,`43`,`killer-diller`
`Rain`,`1966`,`Past Masters Volume 2`,`Lennon`,`Lennon`,`1`,`23`,`TRKALWF13E358E08A7`,`0.7038970585900375`,`108.354`,`0.038129465230639537`,`c`,`181.31546`,`0.31582344256268374`,`major`,`4`,`-8.962`,`0.22705294898451617`,`5.1`,`10.19`,`0`,`0`,`4.46`,`11.46`,`2.55`,`156`,`56`,`everything's`
`Revolution`,`1968`,`Past Masters Volume 2`,`Lennon`,`Lennon`,`1`,`12`,`TRGFJGI13E358F6539`,`0.8316742585207484`,`90.915`,`0.1566737400450965`,`f#`,`204.53832`,`0.2764525248394635`,`major`,`1`,`-10.14`,`0.4291744752378959`,`6.08`,`25.41`,`1.66`,`1.1`,`14.36`,`4.42`,`12.71`,`178`,`77`,`constitution`
`Revolution 1`,`1968`,`The Beatles`,`Lennon`,`Lennon`,``,``,`TRUIFZU13E35B61BEF`,`0.6049374927064797`,`98.942`,`0.034757263730741395`,`a`,`255.68608`,`0.685296427155051`,`major`,`4`,`-9.969`,`0.4204691243176295`,`5.34`,`22.33`,`1.94`,`0.97`,`12.14`,`3.88`,`13.59`,`192`,`77`,`constitution`
`Revolution 9`,`1968`,`The Beatles`,`Lennon`,`N/A`,``,``,`TRKHLVK13E35B78E4D`,`0.6030878863047809`,`82.93`,`0.31018187663011576`,`b`,`501.99465`,`0.8112184069562662`,`minor`,`4`,`-16.06`,`0.18578822586399432`,``,``,``,``,``,``,``,`0`,`0`,``
`Rocky Raccoon`,`1968`,`The Beatles`,`McCartney`,`McCartney`,``,``,`TRSSCWG13E35B2251E`,`0.3494937417761585`,`79.725`,`0.03231648258510722`,`d`,`213.08036`,`0.3363476509397014`,`major`,`4`,`-12.489`,`0.5787910973782135`,`1.68`,`17.23`,`1.68`,`0.84`,`2.94`,`6.72`,`10.5`,`231`,`134`,`somewhere`
`Run for Your Life`,`1965`,`Rubber Soul`,`Lennon`,`Lennon`,``,``,`TRGCHDD13E35AA4861`,`0.7138833993892773`,`88.386`,`0.06292863688334893`,`d`,`141.08689`,`0.053760110363092736`,`major`,`4`,`-9.765`,`0.6648522885665911`,`6.44`,`23.18`,`3`,`0.86`,`5.58`,`5.15`,`3.86`,`230`,`64`,`everything`
`Savoy Truffle`,`1968`,`The Beatles`,`Harrison`,`Harrison`,``,``,`TRXXSZQ13E35B69732`,`0.538065649045623`,`120.76`,`0.04906964805541769`,`b`,`174.44526`,`0.11271760793601354`,`minor`,`4`,`-11.742`,`0.6253008075071579`,`2.33`,`11.63`,`2.33`,`0.58`,`8.72`,`7.56`,`8.72`,`161`,`83`,`montelimat`
`Sexy Sadie`,`1968`,`The Beatles`,`Lennon`,`Lennon`,``,``,`TREIOBG13E35B46861`,`0.6077639201602864`,`75.817`,`0.02936755349029796`,`e`,`195.26485`,`0.08765974634986368`,`minor`,`4`,`-10.152`,`0.5806860430919747`,`1.14`,`22.29`,`1.14`,`0`,`9.71`,`7.43`,`8.57`,`166`,`60`,`everything`
`Sgt. Pepper's Lonely Hearts Club Band`,`1967`,`Sgt. Pepper's Lonely Hearts Club Band`,`McCartney`,`McCartney`,`63`,`71`,`TRDVOIY13E35AA7DD1`,`0.6281977520492046`,`94.947`,`0.09725559372644443`,`g`,`122.87955`,`0.8078023049080765`,`major`,`4`,`-9.694`,`0.4489990948637067`,`5.95`,`14.29`,`5.36`,`4.17`,`5.36`,`6.55`,`10.71`,`164`,`88`,`guaranteed`
`Sgt. Pepper's Lonely Hearts Club Band (Reprise)`,`1967`,`Sgt. Pepper's Lonely Hearts Club Band`,`McCartney`,`McCartney, Lennon and Harrison`,``,``,`TRLAZKQ13E35AD6233`,`0.9082781754075212`,`118.752`,`0.04304674265040864`,`a`,`79.04608`,`0.8721746335957953`,`minor`,`4`,`-8.464`,`0.6579885497259698`,`5.06`,`13.92`,`5.06`,`15.19`,`3.8`,`2.53`,`30.38`,`79`,`32`,`sergeant`
`She Came in Through the Bathroom Window`,`1969`,`Abbey Road`,`McCartney`,`McCartney`,``,``,`TRGQKNJ13E357F9176`,`0.7248825706851321`,`80.883`,`0.03553273627570519`,`d`,`118.62159`,`0.35864214559245544`,`major`,`4`,`-9.444`,`0.534212310639866`,`6.4`,`21.6`,`0.8`,`0.8`,`11.2`,`9.6`,`11.2`,`121`,`66`,`department`
`She Loves You`,`1963`,`Past Masters Volume 1`,`Lennon and McCartney`,`Lennon and McCartney`,`1`,`1`,`TRCMZPO13E358B850D`,`0.9089742623102635`,`75.442`,`0.04289740908735795`,`g`,`141.322`,`0.162622340352884`,`major`,`4`,`-6.547`,`0.380974906433859`,`1.26`,`30.67`,`11.76`,`3.36`,`10.08`,`2.1`,`2.1`,`227`,`57`,`sho-o-ould`
`She Said She Said`,`1966`,`Revolver`,`Lennon`,`Lennon`,``,``,`TRNESMY13E35A388DF`,`0.7501823537160083`,`107.001`,`0.03724324758462594`,`d#`,`156.02893`,`0.8576896927158145`,`major`,`4`,`-8.763`,`0.3263214812618258`,`15.17`,`19.66`,`2.25`,`2.81`,`12.36`,`1.12`,`3.37`,`176`,`50`,`everything`
`She's A Woman`,`1964`,`Past Masters Volume 1`,`McCartney`,`McCartney`,``,`4`,`TRWLQTU13E358C9F6C`,`0.5032513544139563`,`88.853`,`0.03157146190945054`,`d`,`182.85669`,`0.08187534256635723`,`major`,`4`,`-10.006`,`0.7245942455771971`,`15.17`,`19.66`,`2.25`,`2.81`,`12.36`,`1.12`,`3.37`,`176`,`50`,`everything`
`She's Leaving Home`,`1967`,`Sgt. Pepper's Lonely Hearts Club Band`,`McCartney`,`McCartney, with Lennon`,``,``,`TRPJZZV13E35ABDE1C`,`0.18643339280671828`,`127.557`,`0.03616869675926715`,`e`,`215.14404`,`0.11553420838244098`,`major`,`4`,`-12.623`,`0.37597128585098283`,`6.25`,`19.2`,`2.23`,`2.68`,`5.36`,`5.36`,`16.07`,`222`,`128`,`thoughtlessly`
`Something`,`1969`,`Abbey Road`,`Harrison`,`Harrison`,`4`,`1`,`TRIXQDL13E357C8FF6`,`0.3428261875906235`,`67.399`,`0.02967017717830972`,`c`,`182.282`,`0.1177808674243454`,`major`,`4`,`-11.3`,`0.42984077228318596`,`12.8`,`17.6`,`3.2`,`0`,`13.6`,`3.2`,`8`,`125`,`49`,`something`
`Strawberry Fields Forever`,`1967`,`Magical Mystery Tour`,`Lennon`,`Lennon`,`2`,`8`,`TRUVEDY13E358A430E`,`0.4957456371161193`,`97.564`,`0.18757966079844307`,`a#`,`247.30077`,`0.07142309168242517`,`major`,`4`,`-13.014`,`0.3891563968576171`,`10.31`,`4.64`,`0.52`,`2.06`,`9.79`,`1.03`,`15.46`,`192`,`66`,`misunderstanding`
`Sun King`,`1969`,`Abbey Road`,`Lennon`,`Lennon`,``,``,`TRIBQUA13E357F1EE2`,`0.1654098147541542`,`74.996`,`0.030684061237062077`,`d`,`146.25914`,`0.10566193995065803`,`major`,`4`,`-18.574`,`0.4908205891728221`,`0`,`4.55`,`4.55`,`0`,`0`,`6.82`,`27.27`,`44`,`31`,`phoenetically`
`Taxman`,`1966`,`Revolver`,`Harrison`,`Harrison`,``,``,`TRRVDQN13E3591D6FA`,`0.5786273860580097`,`134.035`,`0.0681195833477577`,`f`,`158.85016`,`0.2676174181693087`,`major`,`4`,`-8.958`,`0.5001001354588888`,`14.07`,`11.11`,`0.74`,`0`,`11.85`,`9.63`,`4.44`,`133`,`66`,`thankful`
`Tell Me What You See`,`1965`,`Help!`,`Lennon and McCartney`,`Lennon and McCartney`,``,``,`TRPDPAJ13E358424D0`,`0.8048350450190285`,`136.59`,`0.04298261675067455`,`c`,`157.962`,`0.08490335706779846`,`major`,`4`,`-8.653`,`0.5929908269654373`,`12.43`,`19.46`,`1.08`,`0`,`17.84`,`0.54`,`3.24`,`185`,`61`,`through`
`Tell Me Why`,`1964`,`A Hard Day's Night`,`Lennon`,`Lennon`,``,``,`TRQEPIL13E3579BF8A`,`0.7094400806104129`,`104.517`,`0.03795466289862731`,`a`,`128.67873`,`0.27368707775856715`,`major`,`4`,`-7.024`,`0.3825618781224164`,`18.39`,`20.11`,`0.57`,`9.2`,`13.22`,`0`,`4.02`,`173`,`65`,`ev'rything`
`The Ballad of John & Yoko`,`1969`,`Past Masters Volume 2`,`Lennon`,`Lennon`,`1`,`8`,`TRYIXDE13E35AE1B49`,`0.949026434440069`,`135.213`,`0.03091435782497448`,`e`,`179.97556`,`0.09895658555578857`,`major`,`4`,`-4.24`,`0.6437468003979332`,`3.81`,`17.46`,`2.54`,`0`,`6.98`,`7.94`,`9.21`,`308`,`139`,`southampton`
`The Continuing Story of Bungalow Bill`,`1968`,`The Beatles`,`Lennon`,`Lennon, with Starkey`,``,``,`TROYBMP13E35AFF51F`,`0.45069131641373594`,`114.768`,`0.0969839150545771`,`c`,`194.14159`,`0.6467944405444936`,`major`,`4`,`-11.127`,`0.6490006009443458`,`0.71`,`16.31`,`0.71`,`5.67`,`5.67`,`7.09`,`17.73`,`139`,`73`,`bullet-headed`
`The End`,`1969`,`Abbey Road`,`McCartney`,`McCartney`,``,``,`TROWSGD13E35802485`,`0.4580794938360978`,`123.622`,`0.07440800742029063`,`g`,`141.60934`,`0.07651906236386503`,`major`,`4`,`-10.746`,`0.6619298899497568`,`3.57`,`10.71`,`7.14`,`0`,`3.57`,`10.71`,`3.57`,`27`,`20`,`tonight`
`The Fool on the Hill`,`1967`,`Magical Mystery Tour`,`McCartney`,`McCartney`,``,``,`TRBISDI13E35885F38`,`0.2518953823042861`,`72.413`,`0.02924651079121604`,`e`,`179.09506`,`0.10168119565913324`,`minor`,`4`,`-11.468`,`0.4712325967844293`,`0`,`16.67`,`1.59`,`0.79`,`11.9`,`14.29`,`7.14`,`123`,`67`,`perfectly`
`The Inner Light`,`1968`,`Past Masters Volume 2`,`Harrison`,`Harrison`,``,`96`,`TRXXYXG13E358E7A68`,`0.5403901317089578`,`103.115`,`0.0331606327334687`,`g#`,`156.13342`,`0.07855414515136949`,`major`,`3`,`-11.077`,`0.41781435341406953`,`6.38`,`2.13`,`2.13`,`0`,`11.7`,`9.57`,`13.83`,`94`,`33`,`travelling`
`The Long and Winding Road`,`1969`,`Let It Be`,`McCartney`,`McCartney`,``,`1`,`TRMMYTE13E35874337`,`0.33686099742722353`,`66.443`,`0.026660734496625038`,`g#`,`218.17424`,`0.06386567491322749`,`major`,`4`,`-10.842`,`0.3759942877540601`,`10.26`,`5.13`,`0`,`3.42`,`5.13`,`8.55`,`5.98`,`115`,`60`,`disappear`
`The Night Before`,`1965`,`Help!`,`McCartney`,`McCartney`,``,``,`TRXSYWQ13E35826A57`,`0.7737754384843765`,`85.025`,`0.03485234727990999`,`d`,`154.93179`,`0.1512466120321412`,`major`,`4`,`-7.332`,`0.4736954192008362`,`12.06`,`15.58`,`5.03`,`2.01`,`5.53`,`8.04`,`5.53`,`189`,`46`,`remember`
`The Word`,`1965`,`Rubber Soul`,`Lennon`,`Lennon, McCartney and Harrison`,``,``,`TRJLJCK13E35A87598`,`0.6508531738499443`,`120.973`,`0.039626422709637954`,`d`,`163.082`,`0.05482885242392292`,`major`,`4`,`-10.258`,`0.5786726173171578`,`7.22`,`10.31`,`6.7`,`0.52`,`4.64`,`13.92`,`5.67`,`193`,`57`,`misunderstood`
`There's a Place`,`1963`,`Please Please Me`,`Lennon and McCartney`,`Lennon and McCartney`,``,``,`TRULSKO13E35919611`,`0.6046109511279096`,`140.962`,`0.028023429775221986`,`e`,`110.47138`,`0.2087807182378299`,`major`,`4`,`-10.605`,`0.47131229108678124`,`13.46`,`6.73`,`0.96`,`5.77`,`5.77`,`4.81`,`6.73`,`100`,`42`,`tomorrow`
`Things We Said Today`,`1964`,`A Hard Day's Night`,`McCartney`,`McCartney`,``,``,`TRBMEVE13E357B40FC`,`0.6004723367891577`,`137.043`,`0.0368687766128627`,`a#`,`155.32363`,`0.10788029498545988`,`major`,`4`,`-8.877`,`0.5548222966546928`,`13.27`,`19.9`,`6.12`,`0.51`,`4.08`,`6.63`,`8.16`,`180`,`70`,`dreaming`
`Think for Yourself`,`1965`,`Rubber Soul`,`Harrison`,`Harrison`,``,``,`TRBRMUD13E35A832A6`,`0.5959412537030304`,`130.447`,`0.029683162884346026`,`d`,`138.50077`,`0.0828868276246488`,`minor`,`4`,`-10.258`,`0.5353229787815901`,`5.42`,`17.24`,`0.99`,`1.48`,`13.79`,`3.45`,`5.42`,`191`,`75`,`yourself`
`This Boy`,`1963`,`Past Masters Volume 1`,`Lennon`,`Lennon, McCartney and Harrison`,``,``,`TRARRIH13E358BF372`,`0.33152262428011736`,`111.033`,`0.029754315700077416`,`d`,`136.07138`,`0.13398593301408948`,`major`,`3`,`-12.33`,`0.6712571849486642`,`2.61`,`24.35`,`5.22`,`3.48`,`9.57`,`1.74`,`2.61`,`109`,`54`,`cry-hi-hi`
`Ticket To Ride`,`1965`,`Help!`,`Lennon`,`Lennon, with McCartney`,`1`,`1`,`TRJEWXD13E35837FE4`,`0.8507688643734068`,`123.477`,`0.06659625258501434`,`a`,`189.67465`,`0.28818483514535387`,`major`,`4`,`-7.287`,`0.5322103491303215`,`8.82`,`16.91`,`4.41`,`1.47`,`9.56`,`5.15`,`2.21`,`259`,`57`,`bringing`
`Tomorrow Never Knows`,`1966`,`Revolver`,`Lennon`,`Lennon`,``,``,`TRDOHGG13E35A51652`,`0.8022981023124485`,`94.895`,`0.03760418056268128`,`c`,`179.53914`,`0.34087432834447834`,`major`,`3`,`-6.618`,`0.3107492942833033`,`0`,`5.94`,`3.96`,`2.97`,`9.9`,`7.92`,`15.84`,`101`,`49`,`existence`
`Two of Us`,`1969`,`Let It Be`,`McCartney`,`McCartney, with Lennon`,``,``,`TRHATTR13E3584DDDD`,`0.714119835649269`,`109.247`,`0.030837408892162965`,`g`,`216.78975`,`0.26198830745675433`,`major`,`4`,`-11.371`,`0.7266361636160489`,`20.9`,`20.34`,`0.56`,`1.13`,`0.56`,`2.26`,`16.95`,`177`,`58`,`stretches`
`Wait`,`1965`,`Rubber Soul`,`Lennon and McCartney`,`Lennon and McCartney`,``,``,`TRYEHYO13E35A9CF17`,`0.4647554343463996`,`127.164`,`0.04080429222984866`,`f#`,`134.71302`,`0.09367299003292555`,`minor`,`4`,`-11.103`,`0.5590847575349815`,`16.36`,`10`,`3.18`,`5.45`,`10.91`,`3.64`,`0.45`,`212`,`56`,`heart's`
`We Can Work It Out`,`1965`,`Past Masters Volume 2`,`McCartney`,`McCartney, with Lennon`,`1`,`1`,`TRGTIGQ13E358D93EA`,`0.6280812874708387`,`106.221`,`0.028976727480726217`,`g`,`135.41832`,`0.18250806212291976`,`major`,`4`,`-10.538`,`0.37534238947821896`,`11.72`,`14.64`,`0.84`,`2.09`,`7.95`,`2.09`,`5.86`,`235`,`80`,`straight`
`What Goes On`,`1965`,`Rubber Soul`,`Lennon`,`Starkey`,``,`81`,`TRJKSUR13E35A8F71B`,`0.8968609465263468`,`97.037`,`0.12611454888939233`,`g#`,`168.56771`,`0.053450745366039144`,`minor`,`4`,`-10.655`,`0.6918371067421455`,`9.68`,`15.67`,`0.92`,`2.3`,`14.75`,`4.15`,`3.23`,`214`,`74`,`someone`
`What You're Doing`,`1964`,`Beatles for Sale`,`McCartney`,`McCartney`,``,``,`TRECISV13E3581EC4D`,`0.5224819746751063`,`129.334`,`0.039359688030644824`,`g`,`150.02077`,`0.057374296003307304`,`major`,`4`,`-9.171`,`0.6987005169610001`,`9.38`,`18.75`,`3.12`,`2.08`,`16.67`,`1.04`,`5.21`,`95`,`48`,`wond'ring`
`When I Get Home`,`1964`,`A Hard Day's Night`,`Lennon`,`Lennon`,``,``,`TRFFMJQ13E357B74B0`,`0.839866219219687`,`125.518`,`0.045408615730066604`,`a`,`136.61995`,`0.4670374661527233`,`minor`,`4`,`-6.97`,`0.5559909805360398`,`14.86`,`10.29`,`1.14`,`0`,`2.86`,`4`,`4`,`161`,`64`,`trivialities`
`When I'm Sixty-Four`,`1967`,`Sgt. Pepper's Lonely Hearts Club Band`,`McCartney`,`McCartney`,``,``,`TRNPGCA13E35ACC674`,`0.23041570464885985`,`140.38`,`0.04484947699610814`,`a#`,`157.64853`,`0.08050168054306174`,`minor`,`4`,`-14.151`,`0.7036014009979518`,`10.77`,`12.82`,`1.03`,`0.51`,`6.15`,`7.18`,`9.74`,`184`,`113`,`grandchildren`
`While My Guitar Gently Weeps`,`1968`,`The Beatles`,`Harrison`,`Harrison`,``,``,`TRXYFEO13E35B05747`,`0.6353794162192014`,`115.043`,`0.029968162646286267`,`e`,`284.99546`,`0.18772877115643707`,`minor`,`4`,`-9.54`,`0.46064672957974984`,`12.98`,`11.45`,`9.16`,`5.34`,`12.21`,`3.05`,`9.16`,`131`,`56`,`controlled`
`Why Don't We Do It in the Road`,`1968`,`The Beatles`,`McCartney`,`McCartney`,``,``,`TRQYSZS13E35B2A1EB`,`0.5718557530322362`,`94.19`,`0.050506927862160156`,`d`,`101.14567`,`0.07119205649713953`,`major`,`4`,`-9.341`,`0.7999762929369896`,`13.64`,`13.64`,`0`,`0`,`9.09`,`9.09`,`4.55`,`22`,`14`,`watching`
`Wild Honey Pie`,`1968`,`The Beatles`,`McCartney`,`McCartney`,``,``,`TROTWJV13E35AFAD97`,`0.7531628163235056`,`89.921`,`0.04166243101883427`,`f`,`52.94975`,`0.7959912008497928`,`major`,`4`,`-11.866`,`0.8014758587220712`,`11.11`,`44.44`,`11.11`,`0`,`0`,`0`,`0`,`9`,`5`,`honey`
`With a Little Help from My Friends`,`1967`,`Sgt. Pepper's Lonely Hearts Club Band`,`Lennon and McCartney`,`Starkey`,`63`,`71`,`TRKSDYY13E35AABE68`,`0.4846028352585511`,`112.025`,`0.03345896783486724`,`c#`,`164.10077`,`0.34107928844950147`,`minor`,`4`,`-9.909`,`0.7057153664236403`,`13.45`,`18.07`,`2.94`,`1.26`,`10.5`,`6.72`,`9.24`,`225`,`84`,`somebody`
`Within You Without You`,`1967`,`Sgt. Pepper's Lonely Hearts Club Band`,`Harrison`,`Harrison`,``,``,`TRFHFVZ13E35AC868A`,`0.4677815191043793`,`126.174`,`0.03291542972144368`,`f#`,`304.66567`,`0.5565633931528352`,`major`,`4`,`-10.69`,`0.34392088061783355`,`6.59`,`22.75`,`4.79`,`0.6`,`8.98`,`5.99`,`8.38`,`152`,`93`,`yourself-then`
`Yellow Submarine`,`1966`,`Revolver`,`McCartney`,`Starkey`,`1`,`2`,`TRHALHN13E35BAA6BE`,`0.5311120746612398`,`110.836`,`0.04159739796306988`,`c#`,`159.7122`,`0.49414569761609584`,`major`,`4`,`-10.763`,`0.6139580515452621`,`13.57`,`19`,`1.36`,`0`,`3.17`,`4.07`,`14.93`,`219`,`73`,`introduction:`
`Yer Blues`,`1968`,`The Beatles`,`Lennon`,`Lennon`,``,``,`TRDYGLR13E35B3A921`,`0.5059154824311267`,`76.561`,`0.05405309770488537`,`a`,`240.43057`,`0.16964818874384952`,`major`,`3`,`-10.918`,`0.2906237399921477`,`11.49`,`8.11`,`0`,`3.38`,`14.19`,`7.43`,`8.11`,`144`,`61`,`suicidal`
`Yes It Is`,`1965`,`Past Masters Volume 1`,`Lennon`,`Lennon, McCartney and Harrison`,`1`,`46`,`TRPIBLN13E358CE1E9`,`0.2953721770570686`,`99.896`,`0.030005172869177754`,`e`,`162.40281`,`0.12263867347020443`,`major`,`3`,`-8.857`,`0.5829314046609113`,`9.09`,`7.49`,`6.95`,`1.07`,`9.63`,`2.67`,`6.95`,`185`,`58`,`understand`
`Yesterday`,`1965`,`Help!`,`McCartney`,`McCartney`,`8`,`1`,`TRZPUOZ13E35848E73`,`0.16898297127224485`,`95.663`,`0.028674374703211714`,`c`,`125.64853`,`0.09260137911866465`,`major`,`4`,`-12.64`,`0.39272087233436115`,`11.9`,`8.33`,`3.57`,`2.38`,`7.14`,`3.57`,`19.05`,`79`,`56`,`yesterday`
`You Can't Do That`,`1964`,`A Hard Day's Night`,`Lennon`,`Lennon`,`1`,`48`,`TRVWUYG13E357BAA85`,`0.8160944893629261`,`129.297`,`0.032952778590774334`,`g`,`154.87955`,`0.32767572430266023`,`major`,`4`,`-6.905`,`0.6141061206550087`,`12.65`,`22.89`,`1.81`,`1.2`,`8.43`,`1.81`,`5.42`,`162`,`71`,`ev'rybody's`
`You Like Me Too Much`,`1965`,`Help!`,`Harrison`,`Harrison`,``,``,`TRSCERL13E3583EB6B`,`0.5717471404615224`,`88.457`,`0.028454056592227384`,`d`,`156.86485`,`0.16750531353967585`,`major`,`4`,`-8.577`,`0.5774423870722613`,`16.91`,`15.94`,`7.25`,`1.45`,`11.11`,`0.48`,`5.31`,`207`,`69`,`there'll`
`You Never Give Me Your Money`,`1969`,`Abbey Road`,`McCartney`,`McCartney`,``,``,`TRUWDQO13E357EE882`,`0.4084434123399194`,`87.725`,`0.028797017156319493`,`a`,`242.96444`,`0.12319783569876817`,`minor`,`4`,`-11.984`,`0.36989380069878786`,`5.48`,`9.59`,`5.48`,`0.68`,`2.74`,`4.79`,`10.27`,`144`,`85`,`investigation`
`You Won't See Me`,`1965`,`Rubber Soul`,`McCartney`,`McCartney`,``,``,`TRCMUGP13E35A7C053`,`0.5475182068322593`,`115.89`,`0.03063600086139112`,`d`,`199.94077`,`0.08695288719923479`,`major`,`4`,`-9.402`,`0.49760031348761835`,`14.01`,`14.01`,`0`,`3.86`,`19.32`,`1.45`,`3.86`,`207`,`80`,`wouldn't`
`You're Going to Lose That Girl`,`1965`,`Help!`,`Lennon`,`Lennon`,``,``,`TRGMJAS13E35833930`,`0.6844121863350101`,`131.956`,`0.03446498204649595`,`e`,`138.65751`,`0.2688161148716514`,`major`,`4`,`-8.434`,`0.5383969441887821`,`3.83`,`28.75`,`1.28`,`8.63`,`4.47`,`1.92`,`1.28`,`311`,`52`,`tonight`
`You've Got to Hide Your Love Away`,`1965`,`Help!`,`Lennon`,`Lennon`,``,``,`TRPFBCK13E35829E06`,`0.3807651149834112`,`92.192`,`0.025839148726193972`,`g`,`129.09669`,`0.089396461279911`,`major`,`3`,`-9.556`,`0.5675341682225771`,`9.73`,`21.24`,`6.19`,`0`,`7.96`,`2.65`,`2.65`,`111`,`63`,`everywhere`
`Your Mother Should Know`,`1967`,`Magical Mystery Tour`,`McCartney`,`McCartney`,``,``,`TRTHRAH13E358926B6`,`0.293252908585445`,`117.612`,`0.03622151932746942`,`e`,`148.40118`,`0.08900899563628224`,`minor`,`4`,`-11.976`,`0.7093373495007941`,`1.57`,`28.8`,`0`,`0`,`20.94`,`5.24`,`0`,`168`,`29`,`before`
