`title`,`year`,`album`,`songwriter`,`lead_vocals`,`chart_position_uk`,`chart_position_us`,`analysis_sample_rate`,`audio_md5`,`danceability`,`duration`,`end_of_fade_in`,`energy`,`idx_bars_confidence`,`idx_bars_start`,`idx_beats_confidence`,`idx_beats_start`,`idx_sections_confidence`,`idx_sections_start`,`idx_segments_confidence`,`idx_segments_loudness_max`,`idx_segments_loudness_max_time`,`idx_segments_loudness_start`,`idx_segments_pitches`,`idx_segments_start`,`idx_segments_timbre`,`idx_tatums_confidence`,`idx_tatums_start`,`key`,`key_confidence`,`loudness`,`mode`,`mode_confidence`,`start_of_fade_out`,`tempo`,`time_signature`,`time_signature_confidence`,`track_id`,`speechiness`,`liveness`,`self_references`,`social_words`,`positive_emotions`,`negative_emotions`,`cognitive_words`,`articles`,`big_words`
`A Day in the Life`,`1967`,`Sgt. Pepper's Lonely Hearts Club Band`,`Lennon and McCartney`,`Lennon and McCartney`,`63`,``,`22050`,`None`,`0`,`333.7922`,`0`,`0`,`0`,`0`,`0`,`0`,`0`,`0`,`0`,`0`,`0`,`0`,`0`,`0`,`0`,`0`,`0`,`9`,`0.577`,`-17.793`,`1`,`0.466`,`325.753`,`79.866`,`1`,`0.51`,`TRTAVJA1291D7840E1`,``,``,`7.58`,`10.9`,`2.84`,`0.47`,`6.16`,`10.43`,`6.64`
`A Hard Day's Night`,`1964`,`A Hard Day's Night`,`Lennon`,`Lennon and McCartney`,`1`,`1`,`22050`,`None`,`0`,`152.55465`,`0.99`,`0`,`0`,`0`,`0`,`0`,`0`,`0`,`0`,`0`,`0`,`0`,`0`,`0`,`0`,`0`,`0`,`0`,`0.107`,`-5.631`,`1`,`0.44`,`140.765`,`92.245`,`4`,`0.067`,`TREKEZT1291DA75778`,``,``,`12.94`,`11.44`,`1`,`1`,`11.44`,`4.98`,`7.46`
`Across the Universe`,`1968`,`Let It Be`,`Lennon`,`Lennon`,``,``,`22050`,`None`,`0`,`228.55955`,`0.363`,`0`,`0`,`0`,`0`,`0`,`0`,`0`,`0`,`0`,`0`,`0`,`0`,`0`,`0`,`0`,`0`,`1`,`0.913`,`-13.525`,`1`,`0.65`,`208.086`,`76.376`,`1`,`0.014`,`TRFFSYR1291E68076B`,``,``,`8.54`,`4.88`,`3.05`,`1.22`,`1.83`,`6.1`,`18.9`
`All I've Got to Do`,`1963`,`With the Beatles`,`Lennon`,`Lennon`,``,``,`22050`,`None`,`0`,`124.55138`,`0.437`,`0`,`0`,`0`,`0`,`0`,`0`,`0`,`0`,`0`,`0`,`0`,`0`,`0`,`0`,`0`,`0`,`1`,`0.429`,`-9.849`,`0`,`0.639`,`117.139`,`119.377`,`3`,`0.492`,`TRUNOXW1291E67FDC2`,``,``,`14.94`,`18.83`,`1.95`,`0`,`3.25`,`3.25`,`5.84`
`All My Loving`,`1963`,`With the Beatles`,`McCartney`,`McCartney`,``,`45`,`22050`,`None`,`0`,`129.56689`,`0.38`,`0`,`0`,`0`,`0`,`0`,`0`,`0`,`0`,`0`,`0`,`0`,`0`,`0`,`0`,`0`,`0`,`4`,`0.276`,`-8.324`,`1`,`0.391`,`121.928`,`159.159`,`4`,`0.207`,`TRETOQI1291FA1121B`,``,``,`22.35`,`7.06`,`12.94`,`2.35`,`2.35`,`1.18`,`7.06`
`All Together Now`,`1967`,`Yellow Submarine`,`McCartney, with Lennon`,`McCartney, with Lennon`,``,``,``,``,`0.584880898285724`,`130.91265`,``,`0.44836912203614393`,``,``,``,``,``,``,``,``,``,``,``,``,``,``,``,`9`,``,`-10.094`,`0`,``,``,`95.984`,`4`,``,``,`0.0764186994434537`,`0.5670662918385226`,`12.09`,`5.49`,`3.3`,`0`,`0`,`8.79`,`3.3`
`All You Need Is Love`,`1967`,`Magical Mystery Tour`,`Lennon`,`Lennon`,`1`,`1`,`22050`,`None`,`0`,`228.30975`,`0.389`,`0`,`0`,`0`,`0`,`0`,`0`,`0`,`0`,`0`,`0`,`0`,`0`,`0`,`0`,`0`,`0`,`7`,`0.684`,`-12.119`,`1`,`0.739`,`212.648`,`111.337`,`4`,`0`,`TRRDDMX1291E680AE0`,``,``,`0`,`17.62`,`17.14`,`0`,`13.33`,`0.48`,`5.24`
`And I Love Her`,`1964`,`A Hard Day's Night`,`McCartney`,`McCartney`,``,`12`,`22050`,`None`,`0`,`151.09179`,`0.357`,`0`,`0`,`0`,`0`,`0`,`0`,`0`,`0`,`0`,`0`,`0`,`0`,`0`,`0`,`0`,`0`,`1`,`0.382`,`-10.139`,`0`,`0.444`,`143.732`,`113.726`,`1`,`0`,`TRZGDTT1291FA0EE8B`,``,``,`17.48`,`14.56`,`13.59`,`0`,`4.85`,`5.83`,`1.94`
`And Your Bird Can Sing`,`1966`,`Revolver`,`Lennon`,`Lennon`,``,``,`22050`,`None`,`0`,`121.75628`,`0.409`,`0`,`0`,`0`,`0`,`0`,`0`,`0`,`0`,`0`,`0`,`0`,`0`,`0`,`0`,`0`,`0`,`4`,`0.729`,`-9.128`,`1`,`0.623`,`114.114`,`132.933`,`4`,`0`,`TREMDBH1291E67FC63`,``,``,`12.26`,`26.42`,`0.94`,`0`,`5.66`,`0`,`3.77`
`Another Girl`,`1965`,`Help!`,`McCartney`,`McCartney`,``,``,`22050`,`None`,`0`,`128.02567`,`0.397`,`0`,`0`,`0`,`0`,`0`,`0`,`0`,`0`,`0`,`0`,`0`,`0`,`0`,`0`,`0`,`0`,`2`,`0.284`,`-10.814`,`1`,`0.555`,`120.303`,`88.589`,`4`,`0.174`,`TRWQYGQ1291FA0F376`,``,``,`14.01`,`16.43`,`1.45`,`0.97`,`8.7`,`2.42`,`9.66`
`Any Time at All`,`1964`,`A Hard Day's Night`,`Lennon, with McCartney`,`Lennon, with McCartney`,``,``,`22050`,`None`,`0`,`133.40689`,`0.392`,`0`,`0`,`0`,`0`,`0`,`0`,`0`,`0`,`0`,`0`,`0`,`0`,`0`,`0`,`0`,`0`,`2`,`0.078`,`-6.338`,`1`,`0.194`,`123.977`,`141.428`,`4`,`0.595`,`TRLLSIG1291E67FC5E`,``,``,`9.03`,`10.97`,`1.29`,`2.58`,`5.81`,`1.29`,`5.16`
`Ask Me Why`,`1962`,`Please Please Me`,`Lennon`,`Lennon`,``,``,`22050`,`None`,`0`,`147.77424`,`0.418`,`0`,`0`,`0`,`0`,`0`,`0`,`0`,`0`,`0`,`0`,`0`,`0`,`0`,`0`,`0`,`0`,`4`,`0.562`,`-8.788`,`1`,`0.59`,`137.137`,`89.533`,`3`,`0.395`,`TRQCQMI1291D78329B`,``,``,`22.73`,`11.93`,`5.11`,`2.84`,`13.64`,`1.14`,`6.82`
`Baby You're a Rich Man`,`1967`,`Magical Mystery Tour`,`Lennon and McCartney`,`Lennon`,`1`,`34`,`22050`,`None`,`0`,`183.77098`,`0`,`0`,`0`,`0`,`0`,`0`,`0`,`0`,`0`,`0`,`0`,`0`,`0`,`0`,`0`,`0`,`0`,`0`,`0.585`,`-15.092`,`1`,`0.424`,`171.624`,`97.077`,`1`,`0`,`TRWGOCX1291E680AE1`,``,``,`0`,`24.61`,`7.85`,`0`,`7.85`,`10.99`,`4.19`
`Baby's in Black`,`1964`,`Beatles for Sale`,`Lennon and McCartney`,`Lennon and McCartney`,``,``,`22050`,`None`,`0`,`127.58159`,`0.38`,`0`,`0`,`0`,`0`,`0`,`0`,`0`,`0`,`0`,`0`,`0`,`0`,`0`,`0`,`0`,`0`,`9`,`0.225`,`-10.105`,`1`,`0.588`,`119.774`,`100.89`,`3`,`1`,`TRNIVNB1291FA0FB6B`,``,``,`11.29`,`12.9`,`2.69`,`0`,`12.37`,`1.61`,`5.91`
`Back in the U.S.S.R`,`1968`,`The Beatles`,`McCartney`,`McCartney`,`19`,``,``,``,`0.6138141740079928`,`154.28889`,``,`0.7310699348919779`,``,``,``,``,``,``,``,``,``,``,``,``,``,``,``,`9`,``,`-8.167`,`1`,``,``,`142.77`,`4`,``,``,`0.028858003026586754`,`0.08097496590420926`,`7.61`,`13.59`,`3.26`,`0.54`,`5.43`,`13.59`,`5.43`
`Because`,`1969`,`Abbey Road`,`Lennon`,`Lennon, McCartney, Harrison`,``,``,`22050`,`None`,`0`,`165.53751`,`0.393`,`0`,`0`,`0`,`0`,`0`,`0`,`0`,`0`,`0`,`0`,`0`,`0`,`0`,`0`,`0`,`0`,`2`,`0.689`,`-15.66`,`1`,`0.672`,`159.422`,`160.517`,`4`,`1`,`TRKVPFQ1291E07C327`,``,``,`5.17`,`1.72`,`6.9`,`1.72`,`12.07`,`10.34`,`17.24`
`Being for the Benefit of Mr. Kite!`,`1967`,`Sgt. Pepper's Lonely Hearts Club Band`,`Lennon`,`Lennon`,``,``,`22050`,`None`,`0`,`157.09995`,`0.409`,`0`,`0`,`0`,`0`,`0`,`0`,`0`,`0`,`0`,`0`,`0`,`0`,`0`,`0`,`0`,`0`,`0`,`0.464`,`-14.07`,`1`,`0.761`,`153.199`,`108.18`,`1`,`0`,`TRVNBJS1291E07C329`,``,``,`0`,`4.67`,`2`,`0.67`,`0.67`,`10.67`,`17.33`
`Birthday`,`1968`,`The Beatles`,`McCartney, with Lennon`,`McCartney, with Lennon`,``,``,`22050`,`None`,`0`,`162.92526`,`0.978`,`0`,`0`,`0`,`0`,`0`,`0`,`0`,`0`,`0`,`0`,`0`,`0`,`0`,`0`,`0`,`0`,`9`,`0.351`,`-10.031`,`1`,`0.298`,`155.191`,`139.038`,`1`,`0.318`,`TRSMLVI1291DA757B9`,``,``,`10.48`,`27.62`,`13.33`,`0`,`1.9`,`5.71`,`14.29`
`Blackbird`,`1968`,`The Beatles`,`McCartney`,`McCartney`,``,``,``,``,`0.680857882558`,`138.38948`,``,`0.12239420872802016`,``,``,``,``,``,``,``,``,``,``,``,``,``,``,``,`7`,``,`-15.082`,`1`,``,``,`93.771`,`4`,``,``,`0.032852773043140715`,`0.06164805387907666`,`0`,`6.45`,`0.81`,`0`,`7.26`,`5.65`,`12.1`
`Blue Jay Way`,`1967`,`Magical Mystery Tour`,`Harrison`,`Harrison`,``,``,`22050`,`None`,`0`,`236.72118`,`4.255`,`0`,`0`,`0`,`0`,`0`,`0`,`0`,`0`,`0`,`0`,`0`,`0`,`0`,`0`,`0`,`0`,`0`,`0.809`,`-13.357`,`1`,`0.726`,`225.112`,`103.123`,`4`,`0.343`,`TRHJWOS1291D8E5358`,``,``,`4.69`,`8.85`,`0`,`1.04`,`0.52`,`2.08`,`4.17`
`Can't Buy Me Love`,`1964`,`A Hard Day's Night`,`McCartney`,`McCartney`,`1`,`1`,`22050`,`None`,`0`,`134.94812`,`0.392`,`0`,`0`,`0`,`0`,`0`,`0`,`0`,`0`,`0`,`0`,`0`,`0`,`0`,`0`,`0`,`0`,`0`,`0.674`,`-6.759`,`1`,`0.449`,`125.637`,`171.766`,`4`,`0.69`,`TRAXWLZ1291D8E5366`,``,``,`15.97`,`14.58`,`9.03`,`0`,`6.25`,`2.08`,`4.86`
`Carry That Weight`,`1969`,`Abbey Road`,`McCartney`,`Lennon, McCartney, Harrison and Starkey`,``,``,`22050`,`None`,`0`,`96.88771`,`0`,`0`,`0`,`0`,`0`,`0`,`0`,`0`,`0`,`0`,`0`,`0`,`0`,`0`,`0`,`0`,`0`,`0`,`0.472`,`-11.624`,`1`,`0.531`,`96.888`,`84.415`,`1`,`0`,`TRKGXOI1291E67FB13`,``,``,`7.14`,`17.14`,`0`,`0`,`0`,`8.57`,`2.86`
`Come Together`,`1969`,`Abbey Road`,`Lennon`,`Lennon`,`4`,`1`,`22050`,`None`,`0`,`260.64934`,`0.996`,`0`,`0`,`0`,`0`,`0`,`0`,`0`,`0`,`0`,`0`,`0`,`0`,`0`,`0`,`0`,`0`,`9`,`0.353`,`-16.425`,`0`,`0.379`,`242.852`,`83.197`,`1`,`0.14`,`TRQYYLJ1291E67FA1C`,``,``,`3.12`,`21.88`,`1.25`,`0`,`3.75`,`0.62`,`11.88`
`Cry Baby Cry`,`1968`,`The Beatles`,`Lennon, with McCartney`,`Lennon, with McCartney`,``,``,`22050`,`None`,`0`,`181.89016`,`0.34`,`0`,`0`,`0`,`0`,`0`,`0`,`0`,`0`,`0`,`0`,`0`,`0`,`0`,`0`,`0`,`0`,`9`,`0.3`,`-16.286`,`0`,`0.299`,`162.789`,`77.583`,`4`,`0`,`TRHEKHL1291E07C08C`,``,``,`0`,`17.57`,`4.5`,`12.61`,`3.15`,`10.36`,`11.26`
`Day Tripper`,`1965`,`Past Masters Volume 2`,`Lennon, with McCartney`,`Lennon and McCartney`,`1`,`5`,``,``,`0.6315379624345284`,`169.92317`,``,`0.705782611608854`,``,``,``,``,``,``,``,``,``,``,``,``,``,``,``,`6`,``,`-12.204`,`0`,``,``,`137.65`,`4`,``,``,`0.03390160993561936`,`0.23682599348384903`,`5.26`,`10.53`,`5.26`,`1.75`,`7.02`,`10.53`,`4.39`
`Dear Prudence`,`1968`,`The Beatles`,`Lennon`,`Lennon`,``,``,`22050`,`None`,`0`,`236.38159`,`0`,`0`,`0`,`0`,`0`,`0`,`0`,`0`,`0`,`0`,`0`,`0`,`0`,`0`,`0`,`0`,`0`,`7`,`0.401`,`-15.122`,`1`,`0.458`,`219.516`,`150.537`,`4`,`0.751`,`TRCTBFO1291E67FDC6`,``,``,`2.59`,`11.21`,`13.79`,`0.86`,`3.45`,`7.76`,`9.48`
`Dig It`,`1969`,`Let It Be`,`Lennon, McCartney, Harrison and Starkey`,`Lennon`,``,``,`22050`,`None`,`0`,`49.99955`,`0.949`,`0`,`0`,`0`,`0`,`0`,`0`,`0`,`0`,`0`,`0`,`0`,`0`,`0`,`0`,`0`,`0`,`5`,`0.602`,`-14.434`,`1`,`0.295`,`50`,`104.178`,`3`,`0.443`,`TRKPNQY1291E68038C`,``,``,`1.52`,`3.03`,`1.52`,`0`,`0`,`10.61`,`4.55`
`Dig a Pony`,`1969`,`Let It Be`,`Lennon`,`Lennon`,``,``,`22050`,`None`,`0`,`234.79955`,`3.791`,`0`,`0`,`0`,`0`,`0`,`0`,`0`,`0`,`0`,`0`,`0`,`0`,`0`,`0`,`0`,`0`,`2`,`0.152`,`-11.424`,`1`,`0.269`,`220.114`,`118.332`,`1`,`0.034`,`TRZGMYU1291E68038A`,``,``,`6.82`,`21.59`,`0`,`0`,`8.52`,`3.41`,`14.77`
`Do You Want to Know a Secret`,`1963`,`Please Please Me`,`Lennon`,`Harrison`,``,`2`,`22050`,`None`,`0`,`119.35302`,`0.449`,`0`,`0`,`0`,`0`,`0`,`0`,`0`,`0`,`0`,`0`,`0`,`0`,`0`,`0`,`0`,`0`,`4`,`0.605`,`-9.399`,`1`,`0.445`,`109.012`,`124.45`,`4`,`0`,`TRCIJSX1291E67FC60`,``,``,`7.19`,`25.18`,`3.6`,`0`,`11.51`,`5.76`,`4.32`
`Doctor Robert`,`1966`,`Revolver`,`Lennon,`,`Lennon`,``,``,`22050`,`None`,`0`,`135.20934`,`0.351`,`0`,`0`,`0`,`0`,`0`,`0`,`0`,`0`,`0`,`0`,`0`,`0`,`0`,`0`,`0`,`0`,`4`,`0.371`,`-11.861`,`1`,`0.605`,`126.177`,`163.93`,`4`,`1`,`TRFQYQB1291E67FB91`,``,``,`2.05`,`23.97`,`2.05`,`0`,`6.16`,`3.42`,`8.9`
`Don't Bother Me`,`1963`,`With the Beatles`,`Harrison`,`Harrison`,``,``,`22050`,`None`,`0`,`149.39383`,`0.436`,`0`,`0`,`0`,`0`,`0`,`0`,`0`,`0`,`0`,`0`,`0`,`0`,`0`,`0`,`0`,`0`,`2`,`0.452`,`-9.255`,`1`,`0.494`,`140.614`,`170.941`,`1`,`0`,`TRIHHOB1291DA757BE`,``,``,`16.5`,`9`,`0`,`7`,`9`,`2.5`,`1.5`
`Don't Let Me Down`,`1969`,`Past Masters Volume 2`,`Lennon`,`Lennon`,``,`35`,``,``,`0.5983085032813772`,`213.73342`,``,`0.09018847823912686`,``,``,``,``,``,``,``,``,``,``,``,``,``,``,``,`4`,``,`-21.28`,`1`,``,``,`76.206`,`1`,``,``,`0.029724116168542647`,`0.1093953096948177`,`18.42`,`8.55`,`5.92`,`0`,`5.26`,`2.63`,`1.32`
`Don't Pass Me By`,`1968`,`The Beatles`,`Starkey`,`Starkey`,``,``,`22050`,`None`,`0`,`230.42567`,`0`,`0`,`0`,`0`,`0`,`0`,`0`,`0`,`0`,`0`,`0`,`0`,`0`,`0`,`0`,`0`,`0`,`0`,`0.994`,`-15.873`,`1`,`0.865`,`217.588`,`84.975`,`4`,`0`,`TRZOVBZ1291FA11B48`,``,``,`15.12`,`15.12`,`2.91`,`4.07`,`9.3`,`3.49`,`6.4`
`Drive My Car`,`1965`,`Rubber Soul`,`McCartney, with Lennon`,`McCartney`,``,``,`22050`,`None`,`0`,`150.282`,`1.088`,`0`,`0`,`0`,`0`,`0`,`0`,`0`,`0`,`0`,`0`,`0`,`0`,`0`,`0`,`0`,`0`,`7`,`0.124`,`-11.366`,`1`,`0.566`,`138.17`,`122.525`,`4`,`0.183`,`TRKXNJY1291DA7574B`,``,``,`12.44`,`20.74`,`2.76`,`0`,`3.69`,`5.53`,`3.69`
`Eight Days a Week`,`1964`,`Beatles for Sale`,`Lennon and McCartney`,`Lennon, with McCartney`,``,`1`,`22050`,`None`,`0`,`165.43302`,`2.502`,`0`,`0`,`0`,`0`,`0`,`0`,`0`,`0`,`0`,`0`,`0`,`0`,`0`,`0`,`0`,`0`,`9`,`0.428`,`-8.101`,`1`,`0.427`,`157.739`,`139.41`,`4`,`0.847`,`TRKNUYW1291FA0B202`,``,``,`12.8`,`13.6`,`12.8`,`0`,`10.4`,`8`,`1.6`
`Eleanor Rigby`,`1966`,`Revolver`,`McCartney, with Lennon`,`McCartney`,`1`,`11`,`22050`,`None`,`0`,`127.68608`,`0.373`,`0`,`0`,`0`,`0`,`0`,`0`,`0`,`0`,`0`,`0`,`0`,`0`,`0`,`0`,`0`,`0`,`4`,`0.683`,`-14.506`,`0`,`0.665`,`120.575`,`137.878`,`1`,`0`,`TRDWPOX1291E67FDBC`,``,``,`0`,`14.12`,`0.56`,`5.08`,`1.13`,`12.43`,`5.65`
`Every Little Thing`,`1964`,`Beatles for Sale`,`McCartney`,`Lennon and McCartney`,``,``,`22050`,`None`,`0`,`124.55138`,`0.392`,`0`,`0`,`0`,`0`,`0`,`0`,`0`,`0`,`0`,`0`,`0`,`0`,`0`,`0`,`0`,`0`,`2`,`0.604`,`-9.022`,`1`,`0.594`,`114.828`,`123.223`,`4`,`0.921`,`TRNRNVN1291E67F3A2`,``,``,`14.47`,`16.35`,`5.03`,`0.63`,`6.29`,`3.14`,`4.4`
`Everybody's Got Something to Hide Except Me and My Monkey`,`1968`,`The Beatles`,`Lennon`,`Lennon`,``,``,`22050`,`None`,`0`,`144.8224`,`0.344`,`0`,`0`,`0`,`0`,`0`,`0`,`0`,`0`,`0`,`0`,`0`,`0`,`0`,`0`,`0`,`0`,`9`,`0.479`,`-12.124`,`1`,`0.545`,`132.975`,`117.585`,`4`,`0.092`,`TRJIRSD1291E07C08B`,``,``,`3.55`,`6.51`,`10.65`,`0`,`0`,`5.92`,`4.73`
`Fixing a Hole`,`1967`,`Sgt. Pepper's Lonely Hearts Club Band`,`McCartney`,`McCartney`,``,``,`22050`,`None`,`0`,`156.62975`,`0`,`0`,`0`,`0`,`0`,`0`,`0`,`0`,`0`,`0`,`0`,`0`,`0`,`0`,`0`,`0`,`0`,`0`,`0.589`,`-12.736`,`0`,`0.491`,`143.911`,`118.915`,`1`,`0`,`TRBWUOH1291E680AE3`,``,``,`15.76`,`4.24`,`1.21`,`3.03`,`7.27`,`6.06`,`9.09`
`Flying`,`1967`,`Magical Mystery Tour`,`Lennon, McCartney, Harrison and Starkey`,`N/A`,``,``,`22050`,`None`,`0`,`136.98567`,`0.38`,`0`,`0`,`0`,`0`,`0`,`0`,`0`,`0`,`0`,`0`,`0`,`0`,`0`,`0`,`0`,`0`,`0`,`0.861`,`-16.79`,`1`,`0.788`,`136.986`,`92.92`,`4`,`0.486`,`TRNETWC1291E67FB87`,``,``,``,``,``,``,``,``,``
`For No One`,`1966`,`Revolver`,`McCartney`,`McCartney`,``,``,`22050`,`None`,`0`,`121.73016`,`0.38`,`0`,`0`,`0`,`0`,`0`,`0`,`0`,`0`,`0`,`0`,`0`,`0`,`0`,`0`,`0`,`0`,`11`,`0.464`,`-14.751`,`1`,`0.295`,`111.705`,`81.903`,`4`,`0`,`TRVCCMM1291DA75748`,``,``,`0`,`24.34`,`4.23`,`4.23`,`10.05`,`4.23`,`4.23`
`For You Blue`,`1969`,`Let It Be`,`Harrison`,`Harrison`,``,`1`,`22050`,`None`,`0`,`152.73288`,`3.744`,`0`,`0`,`0`,`0`,`0`,`0`,`0`,`0`,`0`,`0`,`0`,`0`,`0`,`0`,`0`,`0`,`2`,`0.644`,`-13.461`,`1`,`0.602`,`146.286`,`128.685`,`1`,`0`,`TRMYIZE1291E67F39C`,``,``,`14.05`,`23.14`,`14.88`,`0`,`6.61`,`2.48`,`5.79`
`From Me To You`,`1963`,`Past Masters Volume 1`,`Lennon and McCartney`,`Lennon and McCartney`,`1`,`41`,``,``,`0.5815164759236521`,`114.38975`,``,`0.8280346138255757`,``,``,``,``,``,``,``,``,``,``,``,``,``,``,``,`0`,``,`-6.184`,`1`,``,``,`136.217`,`4`,``,``,`0.03523618262177075`,`0.22773373710652522`,`13.76`,`14.29`,`5.82`,`0`,`6.35`,`0.53`,`7.94`
`Get Back`,`1969`,`Let It Be`,`McCartney`,`McCartney`,`1`,`1`,`22050`,`None`,`0`,`187.09288`,`0.368`,`0`,`0`,`0`,`0`,`0`,`0`,`0`,`0`,`0`,`0`,`0`,`0`,`0`,`0`,`0`,`0`,`2`,`0.691`,`-14.135`,`1`,`0.632`,`168.356`,`123.315`,`1`,`0`,`TRQQQDW1291E07C328`,``,``,`0.93`,`14.88`,`1.4`,`0.47`,`5.12`,`3.72`,`12.56`
`Getting Better`,`1967`,`Sgt. Pepper's Lonely Hearts Club Band`,`McCartney, with Lennon`,`McCartney`,``,``,`22050`,`None`,`0`,`167.88853`,`0.392`,`0`,`0`,`0`,`0`,`0`,`0`,`0`,`0`,`0`,`0`,`0`,`0`,`0`,`0`,`0`,`0`,`0`,`0.871`,`-10.906`,`1`,`0.696`,`160.926`,`122.085`,`4`,`0.38`,`TRJNJHO1291DA7574A`,``,``,`17.5`,`11.88`,`8.12`,`1.88`,`5.62`,`7.5`,`9.38`
`Girl`,`1965`,`Rubber Soul`,`Lennon,`,`Lennon`,``,``,`22050`,`None`,`0`,`153.88689`,`0.392`,`0`,`0`,`0`,`0`,`0`,`0`,`0`,`0`,`0`,`0`,`0`,`0`,`0`,`0`,`0`,`0`,`1`,`0.165`,`-16.944`,`1`,`0.409`,`140.881`,`96.752`,`4`,`0`,`TRJFPRF1291E07C333`,``,``,`3.45`,`28.08`,`1.48`,`1.97`,`8.37`,`5.42`,`6.9`
`Glass Onion`,`1968`,`The Beatles`,`Lennon`,`Lennon`,``,``,`22050`,`None`,`0`,`137.97832`,`0.09`,`0`,`0`,`0`,`0`,`0`,`0`,`0`,`0`,`0`,`0`,`0`,`0`,`0`,`0`,`0`,`0`,`9`,`0.21`,`-12.918`,`0`,`0.364`,`125.823`,`120.787`,`1`,`0`,`TRTOTIJ1291D8E5368`,``,``,`5.07`,`15.94`,`0`,`0`,`5.07`,`10.14`,`11.59`
`Golden Slumbers`,`1969`,`Abbey Road`,`McCartney`,`McCartney`,``,``,`22050`,`None`,`0`,`91.58485`,`0.369`,`0`,`0`,`0`,`0`,`0`,`0`,`0`,`0`,`0`,`0`,`0`,`0`,`0`,`0`,`0`,`0`,`0`,`0.655`,`-15.802`,`1`,`0.618`,`88.427`,`80.986`,`3`,`0.503`,`TREWATQ1291D78329C`,``,``,`3.53`,`3.53`,`4.71`,`3.53`,`3.53`,`8.24`,`11.76`
`Good Day Sunshine`,`1966`,`Revolver`,`McCartney`,`McCartney`,``,``,`22050`,`None`,`0`,`129.77587`,`0.386`,`0`,`0`,`0`,`0`,`0`,`0`,`0`,`0`,`0`,`0`,`0`,`0`,`0`,`0`,`0`,`0`,`11`,`0.069`,`-11.837`,`1`,`0.489`,`119.867`,`116.822`,`4`,`0.498`,`TRSWIWM1291E67FB90`,``,``,`10.34`,`7.76`,`18.97`,`0.86`,`3.45`,`6.03`,`14.66`
`Good Morning Good Morning`,`1967`,`Sgt. Pepper's Lonely Hearts Club Band`,`Lennon`,`Lennon`,``,``,`22050`,`None`,`0`,`161.33179`,`0.223`,`0`,`0`,`0`,`0`,`0`,`0`,`0`,`0`,`0`,`0`,`0`,`0`,`0`,`0`,`0`,`0`,`2`,`0.898`,`-11.569`,`1`,`0.715`,`158.267`,`121.338`,`1`,`0`,`TRHOYQB1291D7840E2`,``,``,`1.98`,`16.34`,`6.44`,`0.99`,`7.43`,`5.45`,`14.85`
`Good Night`,`1968`,`The Beatles`,`Lennon`,`Starkey`,``,``,`22050`,`None`,`0`,`191.68608`,`3.222`,`0`,`0`,`0`,`0`,`0`,`0`,`0`,`0`,`0`,`0`,`0`,`0`,`0`,`0`,`0`,`0`,`7`,`0.557`,`-21.395`,`1`,`0.627`,`185.417`,`65.743`,`3`,`0.556`,`TRXQHFC1291D8E5357`,``,``,`6.73`,`9.62`,`15.38`,`0`,`0`,`2.88`,`2.88`
`Got To Get You Into My Life`,`1966`,`Revolver`,`McCartney`,`McCartney`,``,`7`,`22050`,`None`,`0`,`150.64771`,`0.403`,`0`,`0`,`0`,`0`,`0`,`0`,`0`,`0`,`0`,`0`,`0`,`0`,`0`,`0`,`0`,`0`,`0`,`0.476`,`-11.241`,`1`,`0.457`,`137.323`,`137.126`,`1`,`0`,`TRHSNQV1291E67F39E`,``,``,`18.57`,`14.76`,`0.48`,`1.43`,`16.19`,`1.43`,`3.81`
`Happiness Is a Warm Gun`,`1968`,`The Beatles`,`Lennon`,`Lennon`,``,``,`22050`,`None`,`0`,`163.47383`,`0.171`,`0`,`0`,`0`,`0`,`0`,`0`,`0`,`0`,`0`,`0`,`0`,`0`,`0`,`0`,`0`,`0`,`9`,`0.411`,`-14.444`,`0`,`0.49`,`156.491`,`139.611`,`4`,`0.615`,`TRPXAZY1291FA0BD49`,``,``,`6.96`,`11.39`,`7.59`,`0.63`,`4.43`,`12.66`,`10.76`
`Hello Goodbye`,`1967`,`Magical Mystery Tour`,`McCartney`,`McCartney`,`1`,`1`,`22050`,`None`,`0`,`211.48689`,`0.392`,`0`,`0`,`0`,`0`,`0`,`0`,`0`,`0`,`0`,`0`,`0`,`0`,`0`,`0`,`0`,`0`,`0`,`0.671`,`-11.85`,`1`,`0.56`,`198.949`,`99.711`,`1`,`0`,`TRLXIKB1291E67FB86`,``,``,`13.16`,`40.35`,`0`,`0.44`,`11.84`,`0`,`10.53`
`Help!`,`1965`,`Help!`,`Lennon`,`Lennon`,`1`,`1`,`22050`,`None`,`0`,`141.08689`,`1.013`,`0`,`0`,`0`,`0`,`0`,`0`,`0`,`0`,`0`,`0`,`0`,`0`,`0`,`0`,`0`,`0`,`2`,`0.492`,`-12.772`,`1`,`0.543`,`131.808`,`94.796`,`4`,`0`,`TRIEINK1291FA0E874`,``,``,`17.39`,`14.35`,`1.3`,`0.43`,`9.57`,`2.61`,`9.57`
`Helter Skelter`,`1968`,`The Beatles`,`McCartney`,`McCartney`,``,``,`22050`,`None`,`0`,`269.68771`,`0.101`,`0`,`0`,`0`,`0`,`0`,`0`,`0`,`0`,`0`,`0`,`0`,`0`,`0`,`0`,`0`,`0`,`9`,`0.518`,`-12.355`,`1`,`0.513`,`267.128`,`167.574`,`1`,`0`,`TRZOLEX1291E07C32B`,``,``,`14.04`,`15.74`,`1.28`,`0`,`7.23`,`6.81`,`4.68`
`Her Majesty`,`1969`,`Abbey Road`,`McCartney`,`McCartney`,``,``,`22050`,`None`,`0`,`23.14404`,`0.316`,`0`,`0`,`0`,`0`,`0`,`0`,`0`,`0`,`0`,`0`,`0`,`0`,`0`,`0`,`0`,`0`,`9`,`0.233`,`-25.666`,`1`,`0.517`,`23.144`,`100.394`,`4`,`0.287`,`TRZTHTD1291E67FA1D`,``,``,`10.29`,`20.59`,`5.88`,`0`,`10.29`,`8.82`,`11.76`
`Here Comes the Sun`,`1969`,`Abbey Road`,`Harrison`,`Harrison`,``,``,`22050`,`None`,`0`,`185.57342`,`0.334`,`0`,`0`,`0`,`0`,`0`,`0`,`0`,`0`,`0`,`0`,`0`,`0`,`0`,`0`,`0`,`0`,`9`,`0.722`,`-13.897`,`1`,`0.488`,`180.779`,`129.33`,`1`,`0.15`,`TRHODII1291E680388`,``,``,`3.45`,`2.76`,`4.83`,`0.69`,`4.83`,`7.59`,`5.52`
`Here, There and Everywhere`,`1966`,`Revolver`,`McCartney`,`McCartney`,``,``,`22050`,`None`,`0`,`145.8673`,`0.403`,`0`,`0`,`0`,`0`,`0`,`0`,`0`,`0`,`0`,`0`,`0`,`0`,`0`,`0`,`0`,`0`,`10`,`0.524`,`-20.075`,`1`,`0.591`,`136.748`,`82.82`,`4`,`0.398`,`TRKINOU1291F6D90F0`,``,``,`9.2`,`11.66`,`9.2`,`0`,`14.72`,`1.84`,`13.5`
`Hey Bulldog`,`1968`,`Yellow Submarine`,`Lennon, with McCartney`,`Lennon`,``,``,``,``,`0.5951748777307633`,`191.30776`,``,`0.6079270028137034`,``,``,``,``,``,``,``,``,``,``,``,``,``,``,``,`4`,``,`-9.534`,`1`,``,``,`100.535`,`4`,``,``,`0.028551671812325097`,`0.23616859215014402`,`4.31`,`19.83`,`4.31`,`3.45`,`11.21`,`3.45`,`13.79`
`Hey Jude`,`1968`,`Past Masters Volume 2`,`McCartney`,`McCartney`,`1`,`1`,``,``,`0.2925079869611064`,`428.30322`,``,`0.5471472009544867`,``,``,``,``,``,``,``,``,``,``,``,``,``,``,``,`10`,``,`-10.746`,`1`,``,``,`148.264`,`4`,``,``,`0.03036499921948871`,`0.09536009299088391`,`0.49`,`14.71`,`5.88`,`2.94`,`4.41`,`3.92`,`6.37`
`Hold Me Tight`,`1963`,`With the Beatles`,`McCartney`,`McCartney`,``,``,`22050`,`None`,`0`,`152.58077`,`0.402`,`0`,`0`,`0`,`0`,`0`,`0`,`0`,`0`,`0`,`0`,`0`,`0`,`0`,`0`,`0`,`0`,`5`,`0.668`,`-9.644`,`1`,`0.456`,`145.525`,`135.883`,`1`,`0`,`TRVRQPA1291FA0FB6E`,``,``,`8.29`,`13.47`,`2.07`,`1.55`,`10.88`,`2.07`,`1.04`
`Honey Pie`,`1968`,`The Beatles`,`McCartney`,`McCartney`,``,``,`22050`,`None`,`0`,`161.35791`,`0.351`,`0`,`0`,`0`,`0`,`0`,`0`,`0`,`0`,`0`,`0`,`0`,`0`,`0`,`0`,`0`,`0`,`7`,`0.601`,`-18.297`,`1`,`0.551`,`156.381`,`142.844`,`1`,`0`,`TRVIUCV1291DA757B8`,``,``,`9.29`,`15.71`,`1.43`,`3.57`,`5`,`8.57`,`7.14`
`I Am the Walrus`,`1967`,`Magical Mystery Tour`,`Lennon`,`Lennon`,``,`56`,`22050`,`None`,`0`,`277.08036`,`0`,`0`,`0`,`0`,`0`,`0`,`0`,`0`,`0`,`0`,`0`,`0`,`0`,`0`,`0`,`0`,`0`,`2`,`0.451`,`-14.989`,`1`,`0.496`,`263.105`,`86.694`,`1`,`0`,`TRRXYFM1291E67FC5F`,``,``,`6.54`,`11.92`,`0.77`,`2.69`,`6.92`,`10.77`,`13.08`
`I Call Your Name`,`1964`,`Past Masters Volume 1`,`Lennon`,`Lennon`,``,``,``,``,`0.6709280918558261`,`129.01832`,``,`0.6217307699293856`,``,``,``,``,``,``,``,``,``,``,``,``,``,``,``,`9`,``,`-7.825`,`1`,``,``,`126.129`,`4`,``,``,`0.028338385228746377`,`0.2769006046646922`,`16.28`,`16.28`,`0`,`3.49`,`6.98`,`1.16`,`1.16`
`I Don't Want to Spoil the Party`,`1964`,`Beatles for Sale`,`Lennon`,`Lennon`,``,`39`,`22050`,`None`,`0`,`156.18567`,`0.415`,`0`,`0`,`0`,`0`,`0`,`0`,`0`,`0`,`0`,`0`,`0`,`0`,`0`,`0`,`0`,`0`,`7`,`0.533`,`-7.795`,`1`,`0.65`,`147.76`,`97.517`,`4`,`0`,`TRZOIAJ1291E67F3A3`,``,``,`20`,`8.29`,`6.34`,`3.9`,`12.2`,`3.41`,`5.85`
`I Feel Fine`,`1964`,`Past Masters Volume 1`,`Lennon`,`Lennon`,`1`,`1`,``,``,`0.22593655603496338`,`139.04934`,``,`0.7452294839657546`,``,``,``,``,``,``,``,``,``,``,``,``,``,``,``,`7`,``,`-15.304`,`1`,``,``,`178.244`,`1`,``,``,`0.038736092422483104`,`0.14649409798018356`,`11.83`,`33.14`,`6.51`,`0`,`5.92`,`2.37`,`2.37`
`I Me Mine`,`1970`,`Let It Be`,`Harrison`,`Harrison`,``,``,`22050`,`None`,`0`,`145.73288`,`0.374`,`0`,`0`,`0`,`0`,`0`,`0`,`0`,`0`,`0`,`0`,`0`,`0`,`0`,`0`,`0`,`0`,`7`,`0.049`,`-9.674`,`1`,`0.392`,`141.003`,`86.895`,`3`,`0.876`,`TRGEGBI1291E67F399`,``,``,`56.4`,`3.49`,`2.91`,`2.91`,`0`,`2.91`,`7.56`
`I Need You`,`1965`,`Help!`,`Harrison`,`Harrison`,``,``,`22050`,`None`,`0`,`151.50975`,`0.421`,`0`,`0`,`0`,`0`,`0`,`0`,`0`,`0`,`0`,`0`,`0`,`0`,`0`,`0`,`0`,`0`,`9`,`0.617`,`-13.176`,`1`,`0.597`,`144.138`,`136.357`,`1`,`0`,`TRQJEDI1291E07C338`,``,``,`15.38`,`16.24`,`0.85`,`2.56`,`13.68`,`1.71`,`5.98`
`I Saw Her Standing There`,`1963`,`Please Please Me`,`McCartney, with Lennon`,`McCartney, with Lennon`,``,`14`,`22050`,`None`,`0`,`175.80363`,`1.024`,`0`,`0`,`0`,`0`,`0`,`0`,`0`,`0`,`0`,`0`,`0`,`0`,`0`,`0`,`0`,`0`,`4`,`0.644`,`-5.37`,`1`,`0.577`,`167.869`,`160.35`,`1`,`0`,`TRLZMIC1291E680386`,``,``,`15.29`,`10.59`,`1.76`,`0`,`10`,`1.76`,`8.24`
`I Should Have Known Better`,`1964`,`A Hard Day's Night`,`Lennon`,`Lennon`,`8`,`53`,`22050`,`None`,`0`,`164.10077`,`0.392`,`0`,`0`,`0`,`0`,`0`,`0`,`0`,`0`,`0`,`0`,`0`,`0`,`0`,`0`,`0`,`0`,`7`,`0.837`,`-6.675`,`1`,`0.802`,`153.96`,`130.814`,`4`,`0.13`,`TRYEOVO1291FA0FB6D`,``,``,`14.89`,`20.21`,`8.51`,`0`,`9.57`,`2.13`,`2.13`
`I Wanna Be Your Man`,`1963`,`With the Beatles`,`McCartney, with Lennon`,`Starkey`,``,``,`22050`,`None`,`0`,`118.9873`,`0.413`,`0`,`0`,`0`,`0`,`0`,`0`,`0`,`0`,`0`,`0`,`0`,`0`,`0`,`0`,`0`,`0`,`11`,`0.696`,`-8.561`,`0`,`0.529`,`108.78`,`99.144`,`4`,`0.509`,`TRIMDZM1291DA75779`,``,``,`17.39`,`38.51`,`4.97`,`0`,`0.62`,`0`,`0.62`
`I Want To Tell You`,`1966`,`Revolver`,`Harrison`,`Harrison`,``,``,`22050`,`None`,`0`,`149.89016`,`3.129`,`0`,`0`,`0`,`0`,`0`,`0`,`0`,`0`,`0`,`0`,`0`,`0`,`0`,`0`,`0`,`0`,`9`,`0.908`,`-13.086`,`1`,`0.599`,`137.572`,`128.001`,`1`,`0`,`TRYUZEZ1291E07C332`,``,``,`18.98`,`12.41`,`0`,`0.73`,`18.98`,`0.73`,`3.65`
`I Want You (She's So Heavy)`,`1969`,`Abbey Road`,`Lennon`,`Lennon`,``,``,``,``,`0.38286352911099414`,`467.32336`,``,`0.5179762405384178`,``,``,``,``,``,``,``,``,``,``,``,``,``,``,``,`9`,``,`-10.036`,`0`,``,``,`115.726`,`4`,``,``,`0.0319298465976704`,`0.08117181749614345`,`16.67`,`22.22`,`0`,`11.11`,`11.11`,`0`,`5.56`
`I Want to Hold Your Hand`,`1963`,`Past Masters Volume 1`,`Lennon and McCartney`,`Lennon and McCartney`,`1`,`1`,``,``,`0.46871766560216105`,`145.10975`,``,`0.4369081319858852`,``,``,``,``,``,``,``,``,``,``,``,``,``,``,``,`7`,``,`-17.822`,`1`,``,``,`131.234`,`4`,``,``,`0.037695448564864176`,`0.14298764832652128`,`18.78`,`16.02`,`2.21`,`0`,`16.57`,`1.1`,`6.08`
`I Will`,`1968`,`The Beatles`,`McCartney`,`McCartney`,``,``,`22050`,`None`,`0`,`106.03057`,`0.351`,`0`,`0`,`0`,`0`,`0`,`0`,`0`,`0`,`0`,`0`,`0`,`0`,`0`,`0`,`0`,`0`,`5`,`0.462`,`-19.168`,`1`,`0.491`,`100.74`,`103.079`,`4`,`0.89`,`TRGDCVN1291FA0B206`,``,``,`14.29`,`18.75`,`6.25`,`0.89`,`9.82`,`3.57`,`5.36`
`I'll Be Back`,`1964`,`A Hard Day's Night`,`Lennon`,`Lennon`,``,``,`22050`,`None`,`0`,`140.43383`,`0.403`,`0`,`0`,`0`,`0`,`0`,`0`,`0`,`0`,`0`,`0`,`0`,`0`,`0`,`0`,`0`,`0`,`9`,`0.62`,`-7.443`,`1`,`0.547`,`134.792`,`124.156`,`4`,`0.331`,`TRJPKTF1291FA5AFB4`,``,``,`14.55`,`11.52`,`2.42`,`1.21`,`15.76`,`1.82`,`3.64`
`I'll Cry Instead`,`1964`,`A Hard Day's Night`,`Lennon`,`Lennon`,``,`25`,`22050`,`None`,`0`,`107.75465`,`0.398`,`0`,`0`,`0`,`0`,`0`,`0`,`0`,`0`,`0`,`0`,`0`,`0`,`0`,`0`,`0`,`0`,`7`,`0.215`,`-7.121`,`1`,`0.495`,`99.706`,`96.714`,`4`,`1`,`TRFANHD1291E67FB1F`,``,``,`17.81`,`10.27`,`1.37`,`5.48`,`8.9`,`2.74`,`4.79`
`I'll Follow the Sun`,`1964`,`Beatles for Sale`,`McCartney`,`McCartney`,``,``,`22050`,`None`,`0`,`111.04608`,`0.397`,`0`,`0`,`0`,`0`,`0`,`0`,`0`,`0`,`0`,`0`,`0`,`0`,`0`,`0`,`0`,`0`,`0`,`0.587`,`-12.682`,`1`,`0.587`,`102.992`,`133.367`,`4`,`0`,`TRHADUR1291FA5AFB1`,``,``,`11.81`,`6.3`,`1.57`,`1.57`,`8.66`,`9.45`,`3.94`
`I'm Down`,`1965`,`Past Masters Volume 1`,`McCartney`,`McCartney`,``,``,``,``,`0.2460100513604817`,`149.2371`,``,`0.47772329727321633`,``,``,``,``,``,``,``,``,``,``,``,``,``,``,``,`0`,``,`-18.285`,`1`,``,``,`163.754`,`4`,``,``,`0.04688187538628691`,`0.7861742297006136`,`17.13`,`13.81`,`3.87`,`2.21`,`9.94`,`2.21`,`3.87`
`I'm Happy Just to Dance with You`,`1964`,`A Hard Day's Night`,`Lennon`,`Harrison`,``,`95`,`22050`,`None`,`0`,`118.69995`,`0.351`,`0`,`0`,`0`,`0`,`0`,`0`,`0`,`0`,`0`,`0`,`0`,`0`,`0`,`0`,`0`,`0`,`4`,`0.192`,`-7.041`,`1`,`0.372`,`111.003`,`88.156`,`5`,`1`,`TRTQRCY1291E07C097`,``,``,`15.28`,`12.66`,`5.68`,`0`,`13.54`,`0`,`8.73`
`I'm Looking Through You`,`1965`,`Rubber Soul`,`McCartney`,`McCartney`,``,``,`22050`,`None`,`0`,`147.82649`,`0.369`,`0`,`0`,`0`,`0`,`0`,`0`,`0`,`0`,`0`,`0`,`0`,`0`,`0`,`0`,`0`,`0`,`3`,`0.691`,`-14.486`,`1`,`0.584`,`133.904`,`85.782`,`4`,`0.981`,`TRNEBZX1291E68076D`,``,``,`12.27`,`17.79`,`1.23`,`1.23`,`11.66`,`5.52`,`16.56`
`I'm Only Sleeping`,`1966`,`Revolver`,`Lennon`,`Lennon`,``,``,`22050`,`None`,`0`,`181.68118`,`0.392`,`0`,`0`,`0`,`0`,`0`,`0`,`0`,`0`,`0`,`0`,`0`,`0`,`0`,`0`,`0`,`0`,`8`,`0.313`,`-12.786`,`0`,`0.385`,`168.542`,`104.349`,`4`,`0`,`TRSYKOX1291DA75749`,``,``,`16.75`,`1.57`,`0`,`1.57`,`4.71`,`6.81`,`10.99`
`I'm So Tired`,`1968`,`The Beatles`,`Lennon`,`Lennon`,``,``,`22050`,`None`,`0`,`123.32363`,`0.096`,`0`,`0`,`0`,`0`,`0`,`0`,`0`,`0`,`0`,`0`,`0`,`0`,`0`,`0`,`0`,`0`,`9`,`0.694`,`-15.391`,`1`,`0.611`,`117.65`,`144.066`,`1`,`0`,`TRQXXKN1291FA0F379`,``,``,`19.55`,`12.03`,`0.75`,`1.5`,`13.53`,`3.76`,`6.02`
`I'm a Loser`,`1964`,`Beatles for Sale`,`Lennon`,`Lennon`,``,``,`22050`,`None`,`0`,`153.52118`,`0.403`,`0`,`0`,`0`,`0`,`0`,`0`,`0`,`0`,`0`,`0`,`0`,`0`,`0`,`0`,`0`,`0`,`2`,`0.758`,`-8.92`,`1`,`0.725`,`140.365`,`179.871`,`4`,`0.873`,`TRVRKBM1291E07C094`,``,``,`19.15`,`7.45`,`3.72`,`7.98`,`6.38`,`9.04`,`6.38`
`I've Got a Feeling`,`1969`,`Let It Be`,`McCartney, with Lennon`,`McCartney, with Lennon`,`2`,`1`,`22050`,`None`,`0`,`217.95955`,`0.406`,`0`,`0`,`0`,`0`,`0`,`0`,`0`,`0`,`0`,`0`,`0`,`0`,`0`,`0`,`0`,`0`,`2`,`0.661`,`-13.396`,`1`,`0.633`,`205.41`,`83.2`,`1`,`0`,`TRIGPNP1291E07C331`,``,``,`8.97`,`5.52`,`1.38`,`1.38`,`7.59`,`8.28`,`13.79`
`I've Just Seen a Face`,`1965`,`Help!`,`McCartney`,`McCartney`,``,``,`22050`,`None`,`0`,`127.18975`,`0`,`0`,`0`,`0`,`0`,`0`,`0`,`0`,`0`,`0`,`0`,`0`,`0`,`0`,`0`,`0`,`0`,`9`,`0.572`,`-13.227`,`1`,`0.689`,`117.348`,`120.63`,`4`,`0.585`,`TRZKEJO1291FA11B45`,``,``,`13.33`,`12.38`,`0`,`0.95`,`4.29`,`4.76`,`10.48`
`If I Fell`,`1964`,`A Hard Day's Night`,`Lennon`,`Lennon and McCartney`,``,`53`,`22050`,`None`,`0`,`142.05342`,`0.386`,`0`,`0`,`0`,`0`,`0`,`0`,`0`,`0`,`0`,`0`,`0`,`0`,`0`,`0`,`0`,`0`,`2`,`0.841`,`-8.419`,`1`,`0.761`,`132.557`,`108.591`,`1`,`0.242`,`TRTVUIH1291E07C33A`,``,``,`13.95`,`13.18`,`10.85`,`3.88`,`15.5`,`1.55`,`3.1`
`If I Needed Someone`,`1965`,`Rubber Soul`,`Harrison`,`Harrison`,``,``,`22050`,`None`,`0`,`143.85587`,`0.386`,`0`,`0`,`0`,`0`,`0`,`0`,`0`,`0`,`0`,`0`,`0`,`0`,`0`,`0`,`0`,`0`,`2`,`0.41`,`-14.678`,`1`,`0.413`,`134.072`,`127.54`,`4`,`0`,`TRHFNPV1291E67FD61`,``,``,`14.19`,`14.19`,`2.03`,`0`,`12.84`,`2.03`,`4.73`
`In My Life`,`1965`,`Rubber Soul`,`Lennon, with McCartney`,`Lennon`,``,``,`22050`,`None`,`0`,`147.98322`,`0.399`,`0`,`0`,`0`,`0`,`0`,`0`,`0`,`0`,`0`,`0`,`0`,`0`,`0`,`0`,`0`,`0`,`9`,`0.588`,`-14.77`,`1`,`0.589`,`140.278`,`103.196`,`4`,`0.255`,`TRTOYZR1291E67FDBF`,``,``,`15.38`,`16.24`,`0.85`,`2.56`,`13.68`,`1.71`,`5.98`
`It Won't Be Long`,`1963`,`With the Beatles`,`Lennon, with McCartney`,`Lennon`,``,``,`22050`,`None`,`0`,`133.74649`,`0.984`,`0`,`0`,`0`,`0`,`0`,`0`,`0`,`0`,`0`,`0`,`0`,`0`,`0`,`0`,`0`,`0`,`4`,`0.271`,`-7.522`,`1`,`0.37`,`125.394`,`133.523`,`4`,`0`,`TRUTMIW1291FA0EE8D`,``,``,`13.97`,`9.56`,`2.94`,`2.94`,`7.35`,`0.74`,`2.21`
`It's All Too Much`,`1967`,`Yellow Submarine`,`Harrison`,`Harrison`,``,``,``,``,`0.4071497023639734`,`385.03184`,``,`0.7780304032248788`,``,``,``,``,``,``,``,``,``,``,``,``,``,``,``,`7`,``,`-8.21`,`1`,``,``,`113.432`,`4`,``,``,`0.03561601849463936`,`0.10870522100379197`,`9.05`,`4.76`,`3.33`,`0`,`4.29`,`6.19`,`5.24`
`It's Only Love`,`1965`,`Help!`,`Lennon`,`Lennon`,``,``,`22050`,`None`,`0`,`118.80444`,`0.386`,`0`,`0`,`0`,`0`,`0`,`0`,`0`,`0`,`0`,`0`,`0`,`0`,`0`,`0`,`0`,`0`,`5`,`0.067`,`-13.907`,`1`,`0.405`,`110.272`,`113.076`,`4`,`0.874`,`TRVVYNV1291E07C095`,``,``,`11.02`,`8.66`,`8.66`,`1.57`,`7.09`,`3.15`,`2.36`
`Julia`,`1968`,`The Beatles`,`Lennon`,`Lennon`,``,``,`22050`,`None`,`0`,`174.07955`,`0.375`,`0`,`0`,`0`,`0`,`0`,`0`,`0`,`0`,`0`,`0`,`0`,`0`,`0`,`0`,`0`,`0`,`11`,`0`,`-27.141`,`0`,`0.133`,`166.174`,`57.186`,`4`,`0.923`,`TRTOOWI1291E67FB21`,``,``,`13.91`,`6.96`,`5.22`,`0`,`2.61`,`5.22`,`6.96`
`Lady Madonna`,`1968`,`Past Masters Volume 2`,`McCartney`,`McCartney`,`1`,`4`,``,``,`0.5905740518713053`,`135.3922`,``,`0.4876252229802947`,``,``,``,``,``,``,``,``,``,``,``,``,``,``,``,`2`,``,`-18.014`,`1`,``,``,`109.064`,`4`,``,``,`0.03743912733425403`,`0.10015828132903364`,`0`,`21.77`,`1.61`,`0`,`15.32`,`5.65`,`17.74`
`Let It Be`,`1969`,`Let It Be`,`McCartney`,`McCartney`,``,``,`22050`,`None`,`0`,`243.30621`,`0.182`,`0`,`0`,`0`,`0`,`0`,`0`,`0`,`0`,`0`,`0`,`0`,`0`,`0`,`0`,`0`,`0`,`0`,`0.837`,`-11.531`,`1`,`0.694`,`235.601`,`138.636`,`4`,`0`,`TRVUIBJ1291E67F39D`,``,``,`3.31`,`3.72`,`3.31`,`0.41`,`2.89`,`4.13`,`4.96`
`Little Child`,`1963`,`With the Beatles`,`Lennon and McCartney`,`Lennon and McCartney`,``,``,`22050`,`None`,`0`,`108.01587`,`0.434`,`0`,`0`,`0`,`0`,`0`,`0`,`0`,`0`,`0`,`0`,`0`,`0`,`0`,`0`,`0`,`0`,`9`,`0.738`,`-7.859`,`1`,`0.899`,`96.142`,`151.536`,`4`,`0`,`TRPURKX1291E680393`,``,``,`10.53`,`17.89`,`1.05`,`4.21`,`2.11`,`3.16`,`1.05`
`Long, Long, Long`,`1968`,`The Beatles`,`Harrison`,`Harrison`,``,``,``,``,`0.39339419341885823`,`186.31546`,``,`0.1250049564542514`,``,``,``,``,``,``,``,``,``,``,``,``,``,``,``,`5`,``,`-16.48`,`1`,``,``,`105.634`,`4`,``,``,`0.029576431909902334`,`0.150199757724105`,`16.05`,`14.81`,`6.17`,`3.7`,`12.35`,`2.47`,`3.7`
`Love Me Do`,`1962`,`Please Please Me`,`McCartney, with Lennon`,`Lennon and McCartney`,`4`,`1`,`22050`,`None`,`0`,`142.75873`,`0.389`,`0`,`0`,`0`,`0`,`0`,`0`,`0`,`0`,`0`,`0`,`0`,`0`,`0`,`0`,`0`,`0`,`0`,`0.004`,`-5.742`,`1`,`0.256`,`134.269`,`147.862`,`4`,`0.65`,`TRDSIKX1291DA75743`,``,``,`20.72`,`11.71`,`27.03`,`0`,`3.6`,`0`,`3.6`
`Love You To`,`1966`,`Revolver`,`Harrison`,`Harrison`,``,``,`22050`,`None`,`0`,`181.21098`,`0.409`,`0`,`0`,`0`,`0`,`0`,`0`,`0`,`0`,`0`,`0`,`0`,`0`,`0`,`0`,`0`,`0`,`5`,`0.661`,`-11.741`,`1`,`0.583`,`168.652`,`125.783`,`4`,`0.383`,`TRGHSMR1291E68038D`,``,``,`7.78`,`13.33`,`4.44`,`1.11`,`5.56`,`6.67`,`5.56`
`Lovely Rita`,`1967`,`Sgt. Pepper's Lonely Hearts Club Band`,`McCartney`,`McCartney`,``,``,`22050`,`None`,`0`,`162.11546`,`0.209`,`0`,`0`,`0`,`0`,`0`,`0`,`0`,`0`,`0`,`0`,`0`,`0`,`0`,`0`,`0`,`0`,`3`,`0.578`,`-11.552`,`1`,`0.527`,`158.499`,`88.132`,`4`,`0`,`TRGCZML1291E68076C`,``,``,`6.45`,`12.26`,`5.16`,`0`,`3.23`,`7.74`,`7.74`
`Lucy in the Sky with Diamonds`,`1967`,`Sgt. Pepper's Lonely Hearts Club Band`,`Lennon`,`Lennon`,``,``,`22050`,`None`,`0`,`208.45669`,`0.228`,`0`,`0`,`0`,`0`,`0`,`0`,`0`,`0`,`0`,`0`,`0`,`0`,`0`,`0`,`0`,`0`,`2`,`0.115`,`-13.075`,`1`,`0.344`,`196.307`,`95.367`,`4`,`0.87`,`TREOPTL1291E07C32A`,``,``,`0`,`12.05`,`0.6`,`0`,`1.81`,`13.25`,`19.88`
`Maggie Mae`,`1969`,`Let It Be`,`(Traditional) arr. Lennon, McCartney, Harrison, Starkey`,`Lennon`,``,``,`22050`,`None`,`0`,`40.59955`,`0.345`,`0`,`0`,`0`,`0`,`0`,`0`,`0`,`0`,`0`,`0`,`0`,`0`,`0`,`0`,`0`,`0`,`7`,`0.734`,`-12.301`,`1`,`0.639`,`40.6`,`170.897`,`4`,`0`,`TRYLOAS1291E67F398`,``,``,`3.51`,`10.53`,`1.75`,`1.75`,`1.75`,`7.02`,`10.53`
`Magical Mystery Tour`,`1967`,`Magical Mystery Tour`,`McCartney, with Lennon`,`McCartney`,``,``,`22050`,`None`,`0`,`171.83302`,`1.015`,`0`,`0`,`0`,`0`,`0`,`0`,`0`,`0`,`0`,`0`,`0`,`0`,`0`,`0`,`0`,`0`,`9`,`0.547`,`-12.103`,`1`,`0.663`,`171.833`,`85.005`,`1`,`0`,`TRJXIXY1291E67FD5A`,``,``,`0.54`,`6.49`,`1.62`,`0`,`2.7`,`10.81`,`16.76`
`Martha My Dear`,`1968`,`The Beatles`,`McCartney`,`McCartney`,``,``,`22050`,`None`,`0`,`148.74077`,`0.345`,`0`,`0`,`0`,`0`,`0`,`0`,`0`,`0`,`0`,`0`,`0`,`0`,`0`,`0`,`0`,`0`,`10`,`0.36`,`-18.261`,`1`,`0.646`,`142.925`,`89.128`,`1`,`0`,`TRSAGXJ1291FA0F378`,``,``,`10.64`,`18.44`,`11.35`,`3.55`,`9.93`,`4.26`,`4.96`
`Maxwell's Silver Hammer`,`1969`,`Abbey Road`,`McCartney`,`McCartney`,``,``,`22050`,`None`,`0`,`207.28118`,`0.38`,`0`,`0`,`0`,`0`,`0`,`0`,`0`,`0`,`0`,`0`,`0`,`0`,`0`,`0`,`0`,`0`,`2`,`0.437`,`-14.277`,`1`,`0.686`,`202.989`,`131.49`,`1`,`0`,`TRNCSXL1291E07C32C`,``,``,`1.23`,`10.66`,`3.28`,`2.46`,`4.1`,`6.15`,`13.11`
`Mean Mr. Mustard`,`1969`,`Abbey Road`,`Lennon`,`Lennon`,``,``,``,``,`0.6773263286611321`,`66.54694`,``,`0.5647791947853444`,``,``,``,``,``,``,``,``,``,``,``,``,``,``,``,`4`,``,`-9.654`,`1`,``,``,`100.494`,`4`,``,``,`0.027380881907762944`,`0.4008650163470324`,`0`,`12.22`,`0`,`0`,`2.22`,`12.22`,`5.56`
`Michelle`,`1965`,`Rubber Soul`,`McCartney, with Lennon`,`McCartney`,``,``,`22050`,`None`,`0`,`162.37669`,`0.392`,`0`,`0`,`0`,`0`,`0`,`0`,`0`,`0`,`0`,`0`,`0`,`0`,`0`,`0`,`0`,`0`,`5`,`0.786`,`-19.211`,`0`,`0.581`,`153.722`,`112.964`,`1`,`0`,`TRASGZP1291E680AE4`,``,``,`20.15`,`17.16`,`3.73`,`0`,`15.67`,`2.24`,`8.96`
`Misery`,`1963`,`Please Please Me`,`Lennon and McCartney`,`Lennon and McCartney`,``,``,`22050`,`None`,`0`,`110.18404`,`0.398`,`0`,`0`,`0`,`0`,`0`,`0`,`0`,`0`,`0`,`0`,`0`,`0`,`0`,`0`,`0`,`0`,`0`,`0.314`,`-8.642`,`1`,`0.405`,`100.989`,`133.215`,`4`,`0`,`TRRQONL1291D8E535A`,``,``,`10.94`,`12.5`,`0.78`,`10.16`,`9.38`,`5.47`,`7.03`
`Money (That's What I Want)`,`1963`,`With the Beatles`,`Gordy, Bradford`,`Lennon`,``,``,``,``,`0.6148124989257328`,`139.66667`,``,`0.8998017505786896`,``,``,``,``,``,``,``,``,``,``,``,``,``,``,``,`3`,``,`-11.36`,`1`,``,``,`78.635`,`4`,``,``,`0.05952011451932071`,`0.10509708906833182`,`15.64`,`7.82`,`1.65`,`0`,`28.81`,`2.88`,`0.82`
`Mother Nature's Son`,`1968`,`The Beatles`,`McCartney`,`McCartney`,``,``,`22050`,`None`,`0`,`168.04526`,`0.351`,`0`,`0`,`0`,`0`,`0`,`0`,`0`,`0`,`0`,`0`,`0`,`0`,`0`,`0`,`0`,`0`,`2`,`0.773`,`-23.426`,`1`,`0.579`,`161.849`,`85.011`,`4`,`0`,`TRVCQHR1291DA757B7`,``,``,`5.08`,`18.64`,`0`,`0`,`5.08`,`8.47`,`18.64`
`No Reply`,`1964`,`Beatles for Sale`,`Lennon, with McCartney`,`Lennon, with McCartney`,``,``,`22050`,`None`,`0`,`137.84771`,`0.995`,`0`,`0`,`0`,`0`,`0`,`0`,`0`,`0`,`0`,`0`,`0`,`0`,`0`,`0`,`0`,`0`,`0`,`0.669`,`-10.713`,`1`,`0.529`,`130.525`,`124.661`,`4`,`0`,`TRHNPLD1291E680391`,``,``,`14.79`,`21.89`,`1.18`,`1.78`,`12.43`,`2.96`,`4.73`
`Norwegian Wood (This Bird Has Flown)`,`1965`,`Rubber Soul`,`Lennon`,`Lennon`,``,``,`22050`,`None`,`0`,`125.43955`,`0`,`0`,`0`,`0`,`0`,`0`,`0`,`0`,`0`,`0`,`0`,`0`,`0`,`0`,`0`,`0`,`0`,`9`,`0.05`,`-14.738`,`1`,`0.239`,`118.706`,`89.025`,`3`,`0.917`,`TRLZLVA1291E67FB1C`,``,``,`14.53`,`16.24`,`2.56`,`0.85`,`0.85`,`5.13`,`7.69`
`Not a Second Time`,`1963`,`With the Beatles`,`Lennon`,`Lennon`,``,``,`22050`,`None`,`0`,`128.33914`,`0.4`,`0`,`0`,`0`,`0`,`0`,`0`,`0`,`0`,`0`,`0`,`0`,`0`,`0`,`0`,`0`,`0`,`7`,`0.001`,`-9.693`,`1`,`0.145`,`116.181`,`125.355`,`1`,`0`,`TRBVAMC1291E67FDC3`,``,``,`15.25`,`15.25`,`1.69`,`6.78`,`11.86`,`3.39`,`6.78`
`Nowhere Man`,`1965`,`Rubber Soul`,`Lennon`,`Lennon`,``,`3`,`22050`,`None`,`0`,`164.30975`,`0.398`,`0`,`0`,`0`,`0`,`0`,`0`,`0`,`0`,`0`,`0`,`0`,`0`,`0`,`0`,`0`,`0`,`4`,`0.589`,`-12.856`,`1`,`0.606`,`155.115`,`121.043`,`1`,`0`,`TRZUMIB1291E67FDBE`,``,``,`2.26`,`22.56`,`0`,`1.5`,`6.02`,`6.02`,`13.53`
`Ob-La-Di, Ob-La-Da`,`1968`,`The Beatles`,`McCartney`,`McCartney`,``,`49`,`22050`,`None`,`0`,`188.83873`,`0.066`,`0`,`0`,`0`,`0`,`0`,`0`,`0`,`0`,`0`,`0`,`0`,`0`,`0`,`0`,`0`,`0`,`10`,`0.672`,`-11.726`,`1`,`0.657`,`182.991`,`113.227`,`4`,`0.836`,`TRUXRYD1291FA0BD48`,``,``,`1.2`,`11.38`,`2.4`,`0`,`3.59`,`12.57`,`5.99`
`Octopus's Garden`,`1969`,`Abbey Road`,`Starkey`,`Starkey`,``,``,`22050`,`None`,`0`,`171.17995`,`0.361`,`0`,`0`,`0`,`0`,`0`,`0`,`0`,`0`,`0`,`0`,`0`,`0`,`0`,`0`,`0`,`0`,`1`,`0.273`,`-13.248`,`0`,`0.495`,`165.866`,`184.314`,`4`,`0`,`TRKPKWS1291E67FA1B`,``,``,`10.61`,`12.85`,`5.03`,`1.12`,`6.7`,`11.73`,`10.61`
`Oh! Darling`,`1969`,`Abbey Road`,`McCartney`,`McCartney`,``,``,`22050`,`None`,`0`,`206.70649`,`0.38`,`0`,`0`,`0`,`0`,`0`,`0`,`0`,`0`,`0`,`0`,`0`,`0`,`0`,`0`,`0`,`0`,`4`,`0.481`,`-12.168`,`1`,`0.471`,`198.978`,`86.467`,`1`,`0.4`,`TRHCTQK1291E680387`,``,``,`19.51`,`18.9`,`3.05`,`3.05`,`9.76`,`0`,`9.15`
`Old Brown Shoe`,`1969`,`Past Masters Volume 2`,`Harrison`,`Harrison`,``,``,``,``,`0.3979723380278401`,`199.8624`,``,`0.6974748981657576`,``,``,``,``,``,``,``,``,``,``,``,``,``,``,``,`1`,``,`-11.504`,`1`,``,``,`142.965`,`1`,``,``,`0.04569555335579628`,`0.06802015506040275`,`13.01`,`13.41`,`7.32`,`2.03`,`5.28`,`4.07`,`6.91`
`One After 909`,`1969`,`Let It Be`,`Lennon, with McCartney`,`Lennon and McCartney`,``,``,`22050`,`None`,`0`,`175.50621`,`0.359`,`0`,`0`,`0`,`0`,`0`,`0`,`0`,`0`,`0`,`0`,`0`,`0`,`0`,`0`,`0`,`0`,`1`,`0.497`,`-10.152`,`0`,`0.495`,`159.353`,`182.373`,`4`,`0.734`,`TRYWSLE1291DA75771`,``,``,`15.87`,`15.34`,`0`,`1.06`,`0.53`,`5.82`,`7.41`
`Only a Northern Song`,`1967`,`Yellow Submarine`,`Harrison`,`Harrison`,``,``,``,``,`0.3872807371401805`,`201.32526`,``,`0.39891512089332803`,``,``,``,``,``,``,``,``,``,``,``,``,``,``,``,`9`,``,`-16.72`,`1`,``,``,`105.897`,`4`,``,``,`0.02913753902320737`,`0.07280868451969046`,`6.81`,`9.42`,`3.66`,`0.52`,`10.47`,`4.71`,`9.95`
`P.S. I Love You`,`1962`,`Please Please Me`,`McCartney`,`McCartney`,`4`,`10`,``,``,`0.6444817731773878`,`124.36`,``,`0.6994202547842253`,``,``,``,``,``,``,``,``,``,``,``,``,``,``,``,`2`,``,`-9.023`,`1`,``,``,`134.458`,`4`,``,``,`0.029121315727181185`,`0.1251972564021886`,`15.09`,`20.75`,`13.84`,`0`,`3.14`,`1.26`,`5.66`
`Paperback Writer`,`1966`,`Past Masters Volume 2`,`McCartney`,`McCartney`,`1`,`1`,``,``,`0.49175219061235004`,`137.01179`,``,`0.45710711102086155`,``,``,``,``,``,``,``,``,``,``,``,``,``,``,``,`7`,``,`-19.195`,`1`,``,``,`157.292`,`4`,``,``,`0.09070518483038126`,`0.18457468576971656`,`5.49`,`9.34`,`1.1`,`0`,`8.24`,`10.44`,`13.19`
`Penny Lane`,`1967`,`Magical Mystery Tour`,`McCartney`,`McCartney`,`2`,`1`,`22050`,`None`,`0`,`183.37914`,`0.422`,`0`,`0`,`0`,`0`,`0`,`0`,`0`,`0`,`0`,`0`,`0`,`0`,`0`,`0`,`0`,`0`,`11`,`0.384`,`-14.278`,`0`,`0.418`,`176.274`,`113.656`,`4`,`0`,`TRYVKVK1291E680768`,``,``,`4.7`,`5.98`,`1.71`,`0.85`,`2.99`,`12.82`,`13.25`
`Piggies`,`1968`,`The Beatles`,`Harrison`,`Harrison`,``,``,`22050`,`None`,`0`,`124.3424`,`0`,`0`,`0`,`0`,`0`,`0`,`0`,`0`,`0`,`0`,`0`,`0`,`0`,`0`,`0`,`0`,`0`,`8`,`0.646`,`-17.606`,`1`,`0.569`,`119.467`,`92.899`,`1`,`0`,`TRXEVIO1291FA0B207`,``,``,`0`,`12.61`,`3.6`,`1.8`,`3.6`,`6.31`,`16.22`
`Please Mister Postman`,`1963`,`With the Beatles`,`Dobbins, Garrett, Holland, Bateman, Gorman`,`Lennon`,``,``,`22050`,`None`,`0`,`156.73424`,`0`,`0`,`0`,`0`,`0`,`0`,`0`,`0`,`0`,`0`,`0`,`0`,`0`,`0`,`0`,`0`,`0`,`9`,`0.335`,`-7.742`,`1`,`0.45`,`143.993`,`122.603`,`4`,`0`,`TRQJAYK1291FA0F377`,``,``,`7.74`,`7.74`,`1.19`,`0.6`,`13.69`,`11.31`,`9.52`
`Please Please Me`,`1962`,`Please Please Me`,`Lennon`,`Lennon and McCartney`,`2`,`3`,`22050`,`None`,`0`,`123.37587`,`0.403`,`0`,`0`,`0`,`0`,`0`,`0`,`0`,`0`,`0`,`0`,`0`,`0`,`0`,`0`,`0`,`0`,`4`,`0.464`,`-5.657`,`1`,`0.448`,`115.13`,`138.727`,`4`,`0.617`,`TRPOBPV1291E67F396`,``,``,`16.53`,`14.88`,`1.65`,`0.83`,`8.26`,`1.65`,`2.48`
`Polythene Pam`,`1969`,`Abbey Road`,`Lennon`,`Lennon`,``,``,`22050`,`None`,`0`,`72.75057`,`0`,`0`,`0`,`0`,`0`,`0`,`0`,`0`,`0`,`0`,`0`,`0`,`0`,`0`,`0`,`0`,`0`,`2`,`0.125`,`-10.201`,`1`,`0.158`,`72.751`,`166.874`,`1`,`0`,`TRSWHNH1291E07C08D`,``,``,`0`,`21.05`,`2.63`,`1.32`,`11.84`,`9.21`,`11.84`
`Rain`,`1966`,`Past Masters Volume 2`,`Lennon`,`Lennon`,`1`,`23`,``,``,`0.24552731293774344`,`179.27791`,``,`0.38073398560249017`,``,``,``,``,``,``,``,``,``,``,``,``,``,``,``,`0`,``,`-18.499`,`1`,``,``,`107.285`,`4`,``,``,`0.04793519156776893`,`0.1439421669391104`,`5.1`,`10.19`,`0`,`0`,`4.46`,`11.46`,`2.55`
`Revolution`,`1968`,`Past Masters Volume 2`,`Lennon`,`Lennon`,`1`,`12`,``,``,`0.47735085483893674`,`202.76635`,``,`0.802692243408252`,``,``,``,``,``,``,``,``,``,``,``,``,``,``,``,`11`,``,`-8.494`,`1`,``,``,`123.651`,`4`,``,``,`0.03472667384267092`,`0.31337760307478446`,`6.08`,`25.41`,`1.66`,`1.1`,`14.36`,`4.42`,`12.71`
`Revolution 1`,`1968`,`The Beatles`,`Lennon`,`Lennon`,``,``,`22050`,`None`,`0`,`255.73832`,`0.381`,`0`,`0`,`0`,`0`,`0`,`0`,`0`,`0`,`0`,`0`,`0`,`0`,`0`,`0`,`0`,`0`,`9`,`0.617`,`-13.167`,`1`,`0.736`,`244.361`,`98.183`,`4`,`0.126`,`TREAWLV1291DA757B6`,``,``,`5.34`,`22.33`,`1.94`,`0.97`,`12.14`,`3.88`,`13.59`
`Revolution 9`,`1968`,`The Beatles`,`Lennon, with Ono and Harrison`,`N/A`,``,``,`22050`,`None`,`0`,`502.20363`,`11.738`,`0`,`0`,`0`,`0`,`0`,`0`,`0`,`0`,`0`,`0`,`0`,`0`,`0`,`0`,`0`,`0`,`9`,`0.201`,`-21.909`,`0`,`0.241`,`491.369`,`174.581`,`4`,`1`,`TRWYXRQ1291D8E5356`,``,``,``,``,``,``,``,``,``
`Rocky Raccoon`,`1968`,`The Beatles`,`McCartney`,`McCartney`,``,``,`22050`,`None`,`0`,`212.89751`,`0.113`,`0`,`0`,`0`,`0`,`0`,`0`,`0`,`0`,`0`,`0`,`0`,`0`,`0`,`0`,`0`,`0`,`7`,`0.814`,`-17.015`,`1`,`0.672`,`207.755`,`159.754`,`4`,`0`,`TRNEHBD1291FA11B49`,``,``,`1.68`,`17.23`,`1.68`,`0.84`,`2.94`,`6.72`,`10.5`
`Run for Your Life`,`1965`,`Rubber Soul`,`Lennon`,`Lennon`,``,``,`22050`,`None`,`0`,`138.68363`,`0.392`,`0`,`0`,`0`,`0`,`0`,`0`,`0`,`0`,`0`,`0`,`0`,`0`,`0`,`0`,`0`,`0`,`6`,`0.605`,`-13.55`,`0`,`0.601`,`130.426`,`88.436`,`4`,`0.39`,`TREXMQQ1291E67FB1A`,``,``,`6.44`,`23.18`,`3`,`0.86`,`5.58`,`5.15`,`3.86`
`Savoy Truffle`,`1968`,`The Beatles`,`Harrison`,`Harrison`,``,``,`22050`,`None`,`0`,`174.91546`,`0.348`,`0`,`0`,`0`,`0`,`0`,`0`,`0`,`0`,`0`,`0`,`0`,`0`,`0`,`0`,`0`,`0`,`11`,`0.507`,`-15.603`,`0`,`0.402`,`172.414`,`121.037`,`1`,`0`,`TRSGIIH1291D783296`,``,``,`2.33`,`11.63`,`2.33`,`0.58`,`8.72`,`7.56`,`8.72`
`Sexy Sadie`,`1968`,`The Beatles`,`Lennon`,`Lennon`,``,``,`22050`,`None`,`0`,`195.34322`,`0.078`,`0`,`0`,`0`,`0`,`0`,`0`,`0`,`0`,`0`,`0`,`0`,`0`,`0`,`0`,`0`,`0`,`7`,`0.566`,`-13.077`,`1`,`0.588`,`182.468`,`151.252`,`1`,`0`,`TRZAGOE1291D7840DA`,``,``,`1.14`,`22.29`,`1.14`,`0`,`9.71`,`7.43`,`8.57`
`Sgt. Pepper's Lonely Hearts Club Band`,`1967`,`Sgt. Pepper's Lonely Hearts Club Band`,`McCartney`,`McCartney`,`63`,`71`,`22050`,`None`,`0`,`122.43546`,`3.837`,`0`,`0`,`0`,`0`,`0`,`0`,`0`,`0`,`0`,`0`,`0`,`0`,`0`,`0`,`0`,`0`,`7`,`0.732`,`-13.565`,`1`,`0.694`,`122.435`,`95.471`,`1`,`0`,`TREZCKJ1291D78329E`,``,``,`5.95`,`14.29`,`5.36`,`4.17`,`5.36`,`6.55`,`10.71`
`Sgt. Pepper's Lonely Hearts Club Band (Reprise)`,`1967`,`Sgt. Pepper's Lonely Hearts Club Band`,`McCartney`,`McCartney, Lennon and Harrison`,``,``,`22050`,`None`,`0`,`78.91546`,`0`,`0`,`0`,`0`,`0`,`0`,`0`,`0`,`0`,`0`,`0`,`0`,`0`,`0`,`0`,`0`,`0`,`0`,`0.599`,`-10.421`,`1`,`0.507`,`78.915`,`118.862`,`4`,`0.829`,`TRRDPFD1291DA757BC`,``,``,`5.06`,`13.92`,`5.06`,`15.19`,`3.8`,`2.53`,`30.38`
`She Came in Through the Bathroom Window`,`1969`,`Abbey Road`,`McCartney`,`McCartney`,``,``,`22050`,`None`,`0`,`117.73342`,`0`,`0`,`0`,`0`,`0`,`0`,`0`,`0`,`0`,`0`,`0`,`0`,`0`,`0`,`0`,`0`,`0`,`2`,`0.692`,`-9.818`,`1`,`0.739`,`112.501`,`161.717`,`1`,`0`,`TRWMOTH1291DA757BA`,``,``,`6.4`,`21.6`,`0.8`,`0.8`,`11.2`,`9.6`,`11.2`
`She Loves You`,`1963`,`Past Masters Volume 1`,`Lennon and McCartney`,`Lennon and McCartney`,`1`,`1`,``,``,`0.2804189458135083`,`139.67628`,``,`0.6695645155484109`,``,``,``,``,``,``,``,``,``,``,``,``,``,``,``,`7`,``,`-15.617`,`1`,``,``,`150.882`,`4`,``,``,`0.0351732729422331`,`0.0783456248141507`,`1.26`,`30.67`,`11.76`,`3.36`,`10.08`,`2.1`,`2.1`
`She Said She Said`,`1966`,`Revolver`,`Lennon`,`Lennon`,``,``,`22050`,`None`,`0`,`157.1522`,`0.399`,`0`,`0`,`0`,`0`,`0`,`0`,`0`,`0`,`0`,`0`,`0`,`0`,`0`,`0`,`0`,`0`,`3`,`0.768`,`-11.675`,`1`,`0.156`,`142.617`,`106.361`,`4`,`0.553`,`TRACGEM1291E68038E`,``,``,`15.17`,`19.66`,`2.25`,`2.81`,`12.36`,`1.12`,`3.37`
`She's A Woman`,`1964`,`Past Masters Volume 1`,`McCartney`,`McCartney`,``,`4`,``,``,`0.6219568627516016`,`182.93506`,``,`0.4853788712242738`,``,``,``,``,``,``,``,``,``,``,``,``,``,``,``,`9`,``,`-9.817`,`1`,``,``,`177.587`,`4`,``,``,`0.03585416406147823`,`0.0792861698773649`,`15.17`,`19.66`,`2.25`,`2.81`,`12.36`,`1.12`,`3.37`
`She's Leaving Home`,`1967`,`Sgt. Pepper's Lonely Hearts Club Band`,`McCartney, with Lennon`,`McCartney, with Lennon`,``,``,`22050`,`None`,`0`,`215.06567`,`0.468`,`0`,`0`,`0`,`0`,`0`,`0`,`0`,`0`,`0`,`0`,`0`,`0`,`0`,`0`,`0`,`0`,`4`,`0.402`,`-18.148`,`1`,`0.543`,`208.951`,`64.674`,`4`,`0.355`,`TRPHMFE1291E67FB92`,``,``,`6.25`,`19.2`,`2.23`,`2.68`,`5.36`,`5.36`,`16.07`
`Something`,`1969`,`Abbey Road`,`Harrison`,`Harrison`,`4`,`1`,`22050`,`None`,`0`,`183.01342`,`0.346`,`0`,`0`,`0`,`0`,`0`,`0`,`0`,`0`,`0`,`0`,`0`,`0`,`0`,`0`,`0`,`0`,`0`,`0.555`,`-14.661`,`1`,`0.578`,`173.801`,`132.102`,`4`,`0`,`TRTRKJQ1291D7840DC`,``,``,`12.8`,`17.6`,`3.2`,`0`,`13.6`,`3.2`,`8`
`Strawberry Fields Forever`,`1967`,`Magical Mystery Tour`,`Lennon`,`Lennon`,`2`,`8`,`22050`,`None`,`0`,`250.51383`,`0.357`,`0`,`0`,`0`,`0`,`0`,`0`,`0`,`0`,`0`,`0`,`0`,`0`,`0`,`0`,`0`,`0`,`10`,`0.557`,`-16.405`,`1`,`0.506`,`236.832`,`98.82`,`1`,`0`,`TRCHQOQ1291D7840DB`,``,``,`10.31`,`4.64`,`0.52`,`2.06`,`9.79`,`1.03`,`15.46`
`Sun King`,`1969`,`Abbey Road`,`Lennon`,`Lennon`,``,``,`22050`,`None`,`0`,`146.31138`,`0`,`0`,`0`,`0`,`0`,`0`,`0`,`0`,`0`,`0`,`0`,`0`,`0`,`0`,`0`,`0`,`0`,`2`,`0.757`,`-21.147`,`1`,`0.465`,`146.311`,`64.797`,`4`,`0.402`,`TRVRFXN1291E680AE2`,``,``,`0`,`4.55`,`4.55`,`0`,`0`,`6.82`,`27.27`
`Taxman`,`1966`,`Revolver`,`Harrison, with Lennon`,`Harrison`,``,``,`22050`,`None`,`0`,`159.00689`,`0.99`,`0`,`0`,`0`,`0`,`0`,`0`,`0`,`0`,`0`,`0`,`0`,`0`,`0`,`0`,`0`,`0`,`7`,`0.221`,`-12.017`,`1`,`0.331`,`147.551`,`133.024`,`4`,`0.736`,`TRAGUJV1291E67FDBD`,``,``,`14.07`,`11.11`,`0.74`,`0`,`11.85`,`9.63`,`4.44`
`Tell Me What You See`,`1965`,`Help!`,`Lennon and McCartney`,`Lennon and McCartney`,``,``,`22050`,`None`,`0`,`159.7122`,`0`,`0`,`0`,`0`,`0`,`0`,`0`,`0`,`0`,`0`,`0`,`0`,`0`,`0`,`0`,`0`,`0`,`7`,`0.37`,`-11.761`,`1`,`0.518`,`152.079`,`136.702`,`4`,`0.042`,`TRJBEEW1291D8E5365`,``,``,`12.43`,`19.46`,`1.08`,`0`,`17.84`,`0.54`,`3.24`
`Tell Me Why`,`1964`,`A Hard Day's Night`,`Lennon`,`Lennon`,``,``,`22050`,`None`,`0`,`130.08934`,`0.409`,`0`,`0`,`0`,`0`,`0`,`0`,`0`,`0`,`0`,`0`,`0`,`0`,`0`,`0`,`0`,`0`,`2`,`0`,`-7.989`,`1`,`0.233`,`122.149`,`49.696`,`4`,`0.515`,`TRMFLOA1291E67FB1E`,``,``,`18.39`,`20.11`,`0.57`,`9.2`,`13.22`,`0`,`4.02`
`The Ballad of John & Yoko`,`1969`,`Past Masters Volume 2`,`Lennon`,`Lennon`,`1`,`8`,``,``,`0.6222109982657158`,`179.93098`,``,`0.8625401941223847`,``,``,``,``,``,``,``,``,``,``,``,``,``,``,``,`4`,``,`-7.792`,`1`,``,``,`90.177`,`1`,``,``,`0.04094825435813426`,`0.08359098417031294`,`3.81`,`17.46`,`2.54`,`0`,`6.98`,`7.94`,`9.21`
`The Continuing Story of Bungalow Bill`,`1968`,`The Beatles`,`Lennon`,`Lennon, with Starkey`,``,``,`22050`,`None`,`0`,`194.08934`,`0.096`,`0`,`0`,`0`,`0`,`0`,`0`,`0`,`0`,`0`,`0`,`0`,`0`,`0`,`0`,`0`,`0`,`9`,`0.41`,`-15.701`,`0`,`0.475`,`194.089`,`115.031`,`4`,`0.229`,`TRQWDCD1291E67FDC5`,``,``,`0.71`,`16.31`,`0.71`,`5.67`,`5.67`,`7.09`,`17.73`
`The End`,`1969`,`Abbey Road`,`McCartney`,`McCartney`,``,``,`22050`,`None`,`0`,`139.83302`,`0`,`0`,`0`,`0`,`0`,`0`,`0`,`0`,`0`,`0`,`0`,`0`,`0`,`0`,`0`,`0`,`0`,`2`,`0.425`,`-11.109`,`1`,`0.535`,`139.833`,`123.746`,`1`,`0.575`,`TRMUCHC1291E67FB8B`,``,``,`3.57`,`10.71`,`7.14`,`0`,`3.57`,`10.71`,`3.57`
`The Fool on the Hill`,`1967`,`Magical Mystery Tour`,`McCartney`,`McCartney`,``,``,`22050`,`None`,`0`,`180.1922`,`0.403`,`0`,`0`,`0`,`0`,`0`,`0`,`0`,`0`,`0`,`0`,`0`,`0`,`0`,`0`,`0`,`0`,`4`,`0.407`,`-15.725`,`0`,`0.52`,`171.572`,`144.722`,`4`,`0.842`,`TRISNHP1291DA75740`,``,``,`0`,`16.67`,`1.59`,`0.79`,`11.9`,`14.29`,`7.14`
`The Inner Light`,`1968`,`Past Masters Volume 2`,`Harrison`,`Harrison`,``,`96`,``,``,`0.23873254108895556`,`156.21179`,``,`0.46536470677855973`,``,``,``,``,``,``,``,``,``,``,``,``,``,``,``,`8`,``,`-10.536`,`1`,``,``,`204.868`,`4`,``,``,`0.046001505163830725`,`0.08370056490042167`,`6.38`,`2.13`,`2.13`,`0`,`11.7`,`9.57`,`13.83`
`The Long and Winding Road`,`1969`,`Let It Be`,`McCartney`,`McCartney`,``,`1`,`22050`,`None`,`0`,`217.86621`,`0.352`,`0`,`0`,`0`,`0`,`0`,`0`,`0`,`0`,`0`,`0`,`0`,`0`,`0`,`0`,`0`,`0`,`3`,`0.35`,`-13.741`,`1`,`0.626`,`212.445`,`68.42`,`1`,`0`,`TRUBYET1291D8E5360`,``,``,`10.26`,`5.13`,`0`,`3.42`,`5.13`,`8.55`,`5.98`
`The Night Before`,`1965`,`Help!`,`McCartney`,`McCartney`,``,``,`22050`,`None`,`0`,`156.70812`,`0`,`0`,`0`,`0`,`0`,`0`,`0`,`0`,`0`,`0`,`0`,`0`,`0`,`0`,`0`,`0`,`0`,`2`,`0.708`,`-10.502`,`1`,`0.623`,`148.097`,`169.946`,`4`,`0.61`,`TRLPKCN1291E07C336`,``,``,`12.06`,`15.58`,`5.03`,`2.01`,`5.53`,`8.04`,`5.53`
`The Word`,`1965`,`Rubber Soul`,`Lennon, with McCartney`,`Lennon, McCartney and Harrison`,``,``,`22050`,`None`,`0`,`163.70893`,`0.38`,`0`,`0`,`0`,`0`,`0`,`0`,`0`,`0`,`0`,`0`,`0`,`0`,`0`,`0`,`0`,`0`,`0`,`0.336`,`-11.362`,`1`,`0.361`,`154.186`,`121.01`,`1`,`0`,`TRUOPMO1291DA7574C`,``,``,`7.22`,`10.31`,`6.7`,`0.52`,`4.64`,`13.92`,`5.67`
`There's a Place`,`1963`,`Please Please Me`,`Lennon and McCartney`,`Lennon and McCartney`,``,``,`22050`,`None`,`0`,`112.87465`,`0`,`0`,`0`,`0`,`0`,`0`,`0`,`0`,`0`,`0`,`0`,`0`,`0`,`0`,`0`,`0`,`0`,`4`,`0.617`,`-6.441`,`1`,`0.59`,`103.3`,`141.448`,`4`,`0.315`,`TRXUVHI1291BF3E0ED`,``,``,`13.46`,`6.73`,`0.96`,`5.77`,`5.77`,`4.81`,`6.73`
`Things We Said Today`,`1964`,`A Hard Day's Night`,`McCartney`,`McCartney`,``,``,`22050`,`None`,`0`,`158.85016`,`0.374`,`0`,`0`,`0`,`0`,`0`,`0`,`0`,`0`,`0`,`0`,`0`,`0`,`0`,`0`,`0`,`0`,`9`,`0.035`,`-8.824`,`1`,`0.383`,`148.364`,`137.688`,`4`,`0.146`,`TRDJGKR1291FA0FB6C`,``,``,`13.27`,`19.9`,`6.12`,`0.51`,`4.08`,`6.63`,`8.16`
`Think for Yourself`,`1965`,`Rubber Soul`,`Harrison`,`Harrison`,``,``,`22050`,`None`,`0`,`139.33669`,`0.38`,`0`,`0`,`0`,`0`,`0`,`0`,`0`,`0`,`0`,`0`,`0`,`0`,`0`,`0`,`0`,`0`,`0`,`0.49`,`-12.155`,`1`,`0.601`,`134.937`,`130.278`,`1`,`0`,`TRGITVD1291E67FC64`,``,``,`5.42`,`17.24`,`0.99`,`1.48`,`13.79`,`3.45`,`5.42`
`This Boy`,`1963`,`Past Masters Volume 1`,`Lennon`,`Lennon, McCartney and Harrison`,``,``,``,``,`0.6336870636322448`,`136.14975`,``,`0.33366150773117864`,``,``,``,``,``,``,``,``,``,``,``,``,``,``,``,`9`,``,`-11.861`,`1`,``,``,`110.515`,`3`,``,``,`0.0323920461297611`,`0.1304239488847045`,`2.61`,`24.35`,`5.22`,`3.48`,`9.57`,`1.74`,`2.61`
`Ticket To Ride`,`1965`,`Help!`,`Lennon, with McCartney`,`Lennon, with McCartney`,`1`,`1`,`22050`,`None`,`0`,`192.49587`,`0.386`,`0`,`0`,`0`,`0`,`0`,`0`,`0`,`0`,`0`,`0`,`0`,`0`,`0`,`0`,`0`,`0`,`4`,`0.56`,`-10.004`,`0`,`0.55`,`175.137`,`123.654`,`4`,`0.832`,`TRMACGP1291E67F3A4`,``,``,`8.82`,`16.91`,`4.41`,`1.47`,`9.56`,`5.15`,`2.21`
`Tomorrow Never Knows`,`1966`,`Revolver`,`Lennon`,`Lennon`,``,``,`22050`,`None`,`0`,`177.26649`,`3.175`,`0`,`0`,`0`,`0`,`0`,`0`,`0`,`0`,`0`,`0`,`0`,`0`,`0`,`0`,`0`,`0`,`0`,`0`,`-8.419`,`1`,`0`,`172.124`,`126.416`,`4`,`1`,`TRGGUUU1291E67FA21`,``,``,`0`,`5.94`,`3.96`,`2.97`,`9.9`,`7.92`,`15.84`
`Two of Us`,`1969`,`Let It Be`,`McCartney`,`McCartney, with Lennon`,``,``,`22050`,`None`,`0`,`216.66621`,`0.995`,`0`,`0`,`0`,`0`,`0`,`0`,`0`,`0`,`0`,`0`,`0`,`0`,`0`,`0`,`0`,`0`,`7`,`0.975`,`-14.609`,`1`,`0.824`,`198.362`,`109.732`,`1`,`0`,`TRYCMMI1291E67FB8C`,``,``,`20.9`,`20.34`,`0.56`,`1.13`,`0.56`,`2.26`,`16.95`
`Wait`,`1965`,`Rubber Soul`,`Lennon and McCartney`,`Lennon and McCartney`,``,``,`22050`,`None`,`0`,`136.98567`,`0.38`,`0`,`0`,`0`,`0`,`0`,`0`,`0`,`0`,`0`,`0`,`0`,`0`,`0`,`0`,`0`,`0`,`2`,`0.008`,`-14.04`,`1`,`0.231`,`128.395`,`85.109`,`3`,`1`,`TRAONXL1291E67FB93`,``,``,`16.36`,`10`,`3.18`,`5.45`,`10.91`,`3.64`,`0.45`
`We Can Work It Out`,`1965`,`Past Masters Volume 2`,`McCartney, with Lennon`,`McCartney, with Lennon`,`1`,`1`,``,``,`0.37412577006288933`,`131.3171`,``,`0.4865375710726666`,``,``,``,``,``,``,``,``,``,``,``,``,``,``,``,`2`,``,`-14.956`,`1`,``,``,`106.033`,`4`,``,``,`0.030301021475476586`,`0.35195932589603324`,`11.72`,`14.64`,`0.84`,`2.09`,`7.95`,`2.09`,`5.86`
`What Goes On`,`1965`,`Rubber Soul`,`Lennon, with McCartney and Starkey`,`Starkey`,``,`81`,`22050`,`None`,`0`,`170.81424`,`0.351`,`0`,`0`,`0`,`0`,`0`,`0`,`0`,`0`,`0`,`0`,`0`,`0`,`0`,`0`,`0`,`0`,`4`,`0.718`,`-14.859`,`1`,`0.646`,`161.791`,`194.004`,`4`,`1`,`TRKUICE1291E67FC65`,``,``,`9.68`,`15.67`,`0.92`,`2.3`,`14.75`,`4.15`,`3.23`
`What You're Doing`,`1964`,`Beatles for Sale`,`McCartney`,`McCartney`,``,``,`22050`,`None`,`0`,`154.69669`,`0.38`,`0`,`0`,`0`,`0`,`0`,`0`,`0`,`0`,`0`,`0`,`0`,`0`,`0`,`0`,`0`,`0`,`7`,`0.555`,`-10.237`,`1`,`0.662`,`142.298`,`129.629`,`4`,`0.662`,`TRGJZCQ1291E680390`,``,``,`9.38`,`18.75`,`3.12`,`2.08`,`16.67`,`1.04`,`5.21`
`When I Get Home`,`1964`,`A Hard Day's Night`,`Lennon`,`Lennon`,``,``,`22050`,`None`,`0`,`138.37016`,`0.398`,`0`,`0`,`0`,`0`,`0`,`0`,`0`,`0`,`0`,`0`,`0`,`0`,`0`,`0`,`0`,`0`,`0`,`0.364`,`-6.474`,`1`,`0.579`,`130.217`,`125.837`,`4`,`0.314`,`TRNUARS1291DA75777`,``,``,`14.86`,`10.29`,`1.14`,`0`,`2.86`,`4`,`4`
`When I'm Sixty-Four`,`1967`,`Sgt. Pepper's Lonely Hearts Club Band`,`McCartney`,`McCartney`,``,``,`22050`,`None`,`0`,`157.72689`,`0.229`,`0`,`0`,`0`,`0`,`0`,`0`,`0`,`0`,`0`,`0`,`0`,`0`,`0`,`0`,`0`,`0`,`1`,`0.325`,`-19.47`,`1`,`0.438`,`157.727`,`140.844`,`4`,`0.673`,`TRDPJMQ1291D78329D`,``,``,`10.77`,`12.82`,`1.03`,`0.51`,`6.15`,`7.18`,`9.74`
`While My Guitar Gently Weeps`,`1968`,`The Beatles`,`Harrison`,`Harrison`,``,``,`22050`,`None`,`0`,`285.30893`,`0`,`0`,`0`,`0`,`0`,`0`,`0`,`0`,`0`,`0`,`0`,`0`,`0`,`0`,`0`,`0`,`0`,`7`,`0`,`-14.108`,`1`,`0.292`,`267.14`,`115.733`,`1`,`0`,`TRTTUGJ1291E67FB20`,``,``,`12.98`,`11.45`,`9.16`,`5.34`,`12.21`,`3.05`,`9.16`
`Why Don't We Do It in the Road`,`1968`,`The Beatles`,`McCartney`,`McCartney`,``,``,`22050`,`None`,`0`,`101.45914`,`0`,`0`,`0`,`0`,`0`,`0`,`0`,`0`,`0`,`0`,`0`,`0`,`0`,`0`,`0`,`0`,`0`,`7`,`0.035`,`-13.482`,`1`,`0.194`,`97.263`,`94.367`,`4`,`0`,`TRATRDX1291E680395`,``,``,`13.64`,`13.64`,`0`,`0`,`9.09`,`9.09`,`4.55`
`Wild Honey Pie`,`1968`,`The Beatles`,`McCartney`,`McCartney`,``,``,`22050`,`None`,`0`,`52.92363`,`0`,`0`,`0`,`0`,`0`,`0`,`0`,`0`,`0`,`0`,`0`,`0`,`0`,`0`,`0`,`0`,`0`,`2`,`0.05`,`-13.45`,`1`,`0.427`,`52.924`,`89.921`,`1`,`0`,`TRYBBQH1291DA7577A`,``,``,`11.11`,`44.44`,`11.11`,`0`,`0`,`0`,`0`
`With a Little Help from My Friends`,`1967`,`Sgt. Pepper's Lonely Hearts Club Band`,`Lennon and McCartney`,`Starkey`,`63`,`71`,`22050`,`None`,`0`,`164.0224`,`0`,`0`,`0`,`0`,`0`,`0`,`0`,`0`,`0`,`0`,`0`,`0`,`0`,`0`,`0`,`0`,`0`,`6`,`0.371`,`-10.887`,`0`,`0.409`,`157.832`,`112.221`,`4`,`0`,`TRIGEYY1291E68038F`,``,``,`13.45`,`18.07`,`2.94`,`1.26`,`10.5`,`6.72`,`9.24`
`Within You Without You`,`1967`,`Sgt. Pepper's Lonely Hearts Club Band`,`Harrison`,`Harrison`,``,``,`22050`,`None`,`0`,`305.08363`,`5.48`,`0`,`0`,`0`,`0`,`0`,`0`,`0`,`0`,`0`,`0`,`0`,`0`,`0`,`0`,`0`,`0`,`6`,`0.602`,`-15.072`,`1`,`0.607`,`300.083`,`126.366`,`4`,`0.411`,`TRIXSST1291E67FD60`,``,``,`6.59`,`22.75`,`4.79`,`0.6`,`8.98`,`5.99`,`8.38`
`Yellow Submarine`,`1966`,`Revolver`,`McCartney, with Lennon`,`Starkey`,`1`,`2`,`22050`,`None`,`0`,`160.41751`,`0.409`,`0`,`0`,`0`,`0`,`0`,`0`,`0`,`0`,`0`,`0`,`0`,`0`,`0`,`0`,`0`,`0`,`1`,`0.407`,`-13.594`,`1`,`0.522`,`149.002`,`111.581`,`4`,`0`,`TRHSNLT1291E07C093`,``,``,`13.57`,`19`,`1.36`,`0`,`3.17`,`4.07`,`14.93`
`Yer Blues`,`1968`,`The Beatles`,`Lennon`,`Lennon`,``,``,`22050`,`None`,`0`,`241.10975`,`0.119`,`0`,`0`,`0`,`0`,`0`,`0`,`0`,`0`,`0`,`0`,`0`,`0`,`0`,`0`,`0`,`0`,`9`,`0.333`,`-14.561`,`1`,`0.382`,`225.849`,`154.76`,`3`,`1`,`TRDLGZN1291D783297`,``,``,`11.49`,`8.11`,`0`,`3.38`,`14.19`,`7.43`,`8.11`
`Yes It Is`,`1965`,`Past Masters Volume 1`,`Lennon`,`Lennon, McCartney and Harrison`,`1`,`46`,``,``,`0.44609491612400554`,`162.48118`,``,`0.19167770491376973`,``,``,``,``,``,``,``,``,``,``,``,``,``,``,``,`4`,``,`-9.452`,`1`,``,``,`133.619`,`3`,``,``,`0.03549359247247391`,`0.1112159229298286`,`9.09`,`7.49`,`6.95`,`1.07`,`9.63`,`2.67`,`6.95`
`Yesterday`,`1965`,`Help!`,`McCartney`,`McCartney`,`8`,`1`,`22050`,`None`,`0`,`127.45098`,`0.398`,`0`,`0`,`0`,`0`,`0`,`0`,`0`,`0`,`0`,`0`,`0`,`0`,`0`,`0`,`0`,`0`,`0`,`0.014`,`-17.191`,`1`,`0.371`,`119.536`,`92.409`,`3`,`0.496`,`TRSQIMJ1291FA0E873`,``,``,`11.9`,`8.33`,`3.57`,`2.38`,`7.14`,`3.57`,`19.05`
`You Can't Do That`,`1964`,`A Hard Day's Night`,`Lennon`,`Lennon`,`1`,`48`,`22050`,`None`,`0`,`157.64853`,`0.392`,`0`,`0`,`0`,`0`,`0`,`0`,`0`,`0`,`0`,`0`,`0`,`0`,`0`,`0`,`0`,`0`,`0`,`0.577`,`-6.923`,`1`,`0.415`,`148.074`,`128.723`,`1`,`0`,`TRLUZQN1291E07C339`,``,``,`12.65`,`22.89`,`1.81`,`1.2`,`8.43`,`1.81`,`5.42`
`You Like Me Too Much`,`1965`,`Help!`,`Harrison`,`Harrison`,``,``,`22050`,`None`,`0`,`158.82404`,`0.403`,`0`,`0`,`0`,`0`,`0`,`0`,`0`,`0`,`0`,`0`,`0`,`0`,`0`,`0`,`0`,`0`,`7`,`0.378`,`-11.794`,`1`,`0.551`,`151.232`,`176.83`,`4`,`0`,`TRKYLDX1291D8E5364`,``,``,`16.91`,`15.94`,`7.25`,`1.45`,`11.11`,`0.48`,`5.31`
`You Never Give Me Your Money`,`1969`,`Abbey Road`,`McCartney`,`McCartney`,``,``,`22050`,`None`,`0`,`242.41587`,`0.176`,`0`,`0`,`0`,`0`,`0`,`0`,`0`,`0`,`0`,`0`,`0`,`0`,`0`,`0`,`0`,`0`,`9`,`0`,`-14.058`,`0`,`0.242`,`223.028`,`88.017`,`4`,`0.797`,`TRBKRRO1291E67FB12`,``,``,`5.48`,`9.59`,`5.48`,`0.68`,`2.74`,`4.79`,`10.27`
`You Won't See Me`,`1965`,`Rubber Soul`,`McCartney`,`McCartney`,``,``,`22050`,`None`,`0`,`202.60526`,`0.398`,`0`,`0`,`0`,`0`,`0`,`0`,`0`,`0`,`0`,`0`,`0`,`0`,`0`,`0`,`0`,`0`,`9`,`0.698`,`-12.713`,`1`,`0.616`,`189.707`,`115.745`,`1`,`0.399`,`TRYSJSO1291D8E5361`,``,``,`14.01`,`14.01`,`0`,`3.86`,`19.32`,`1.45`,`3.86`
`You're Going to Lose That Girl`,`1965`,`Help!`,`Lennon`,`Lennon`,``,``,`22050`,`None`,`0`,`140.45995`,`0.415`,`0`,`0`,`0`,`0`,`0`,`0`,`0`,`0`,`0`,`0`,`0`,`0`,`0`,`0`,`0`,`0`,`1`,`0.392`,`-11.099`,`0`,`0.506`,`131.524`,`131.923`,`4`,`0`,`TRDZFMT1291FA0EE8A`,``,``,`3.83`,`28.75`,`1.28`,`8.63`,`4.47`,`1.92`,`1.28`
`You've Got to Hide Your Love Away`,`1965`,`Help!`,`Lennon`,`Lennon`,``,``,`22050`,`None`,`0`,`131.44771`,`0.386`,`0`,`0`,`0`,`0`,`0`,`0`,`0`,`0`,`0`,`0`,`0`,`0`,`0`,`0`,`0`,`0`,`7`,`1`,`-12.556`,`1`,`0.806`,`123.269`,`92.235`,`3`,`1`,`TRMYLWT1291FA0BD44`,``,``,`9.73`,`21.24`,`6.19`,`0`,`7.96`,`2.65`,`2.65`
`Your Mother Should Know`,`1967`,`Magical Mystery Tour`,`McCartney`,`McCartney`,``,``,`22050`,`None`,`0`,`149.60281`,`0.403`,`0`,`0`,`0`,`0`,`0`,`0`,`0`,`0`,`0`,`0`,`0`,`0`,`0`,`0`,`0`,`0`,`9`,`0.44`,`-14.171`,`0`,`0.444`,`140.574`,`117.832`,`4`,`0.085`,`TRHCYNE1291DA75741`,``,``,`1.57`,`28.8`,`0`,`0`,`20.94`,`5.24`,`0`
