`title`,`analysis_sample_rate`,`audio_md5`,`danceability`,`duration`,`end_of_fade_in`,`energy`,`idx_bars_confidence`,`idx_bars_start`,`idx_beats_confidence`,`idx_beats_start`,`idx_sections_confidence`,`idx_sections_start`,`idx_segments_confidence`,`idx_segments_loudness_max`,`idx_segments_loudness_max_time`,`idx_segments_loudness_start`,`idx_segments_pitches`,`idx_segments_start`,`idx_segments_timbre`,`idx_tatums_confidence`,`idx_tatums_start`,`key`,`key_confidence`,`loudness`,`mode`,`mode_confidence`,`start_of_fade_out`,`tempo`,`time_signature`,`time_signature_confidence`,`track_id`
`I Saw Her Standing There`,`22050`,`None`,`0`,`175.80363`,`1.024`,`0`,`0`,`0`,`0`,`0`,`0`,`0`,`0`,`0`,`0`,`0`,`0`,`0`,`0`,`0`,`0`,`4`,`0.644`,`-5.37`,`1`,`0.577`,`167.869`,`160.35`,`1`,`0`,`TRLZMIC1291E680386`
`Misery`,`22050`,`None`,`0`,`110.18404`,`0.398`,`0`,`0`,`0`,`0`,`0`,`0`,`0`,`0`,`0`,`0`,`0`,`0`,`0`,`0`,`0`,`0`,`0`,`0.314`,`-8.642`,`1`,`0.405`,`100.989`,`133.215`,`4`,`0`,`TRRQONL1291D8E535A`
`Anna (Go To Him)`,`22050`,`None`,`0`,`177.57995`,`0.392`,`0`,`0`,`0`,`0`,`0`,`0`,`0`,`0`,`0`,`0`,`0`,`0`,`0`,`0`,`0`,`0`,`5`,`0.525`,`-8.504`,`1`,`0.422`,`170.371`,`109.577`,`4`,`0.703`,`TRTRNDX1291E67F397`
`Chains`,`22050`,`None`,`0`,`146.49424`,`0.409`,`0`,`0`,`0`,`0`,`0`,`0`,`0`,`0`,`0`,`0`,`0`,`0`,`0`,`0`,`0`,`0`,`10`,`0.851`,`-8.771`,`1`,`0.642`,`136.353`,`129.905`,`1`,`0`,`TRUVJAN1291E07C326`
`Boys`,`22050`,`None`,`0`,`147.51302`,`0.386`,`0`,`0`,`0`,`0`,`0`,`0`,`0`,`0`,`0`,`0`,`0`,`0`,`0`,`0`,`0`,`0`,`11`,`0.276`,`-6.671`,`1`,`0.554`,`135.732`,`142.458`,`4`,`0`,`TRFXSJQ1291D783298`
`Ask Me Why`,`22050`,`None`,`0`,`147.77424`,`0.418`,`0`,`0`,`0`,`0`,`0`,`0`,`0`,`0`,`0`,`0`,`0`,`0`,`0`,`0`,`0`,`0`,`4`,`0.562`,`-8.788`,`1`,`0.59`,`137.137`,`89.533`,`3`,`0.395`,`TRQCQMI1291D78329B`
`Please Please Me`,`22050`,`None`,`0`,`123.37587`,`0.403`,`0`,`0`,`0`,`0`,`0`,`0`,`0`,`0`,`0`,`0`,`0`,`0`,`0`,`0`,`0`,`0`,`4`,`0.464`,`-5.657`,`1`,`0.448`,`115.13`,`138.727`,`4`,`0.617`,`TRPOBPV1291E67F396`
`Love Me Do`,`22050`,`None`,`0`,`142.75873`,`0.389`,`0`,`0`,`0`,`0`,`0`,`0`,`0`,`0`,`0`,`0`,`0`,`0`,`0`,`0`,`0`,`0`,`0`,`0.004`,`-5.742`,`1`,`0.256`,`134.269`,`147.862`,`4`,`0.65`,`TRDSIKX1291DA75743`
`P. S. I Love You`,`22050`,`None`,`0`,`125.75302`,`0.412`,`0`,`0`,`0`,`0`,`0`,`0`,`0`,`0`,`0`,`0`,`0`,`0`,`0`,`0`,`0`,`0`,`2`,`0.698`,`-9.111`,`1`,`0.626`,`119.705`,`134.326`,`4`,`0.173`,`TRDZLVO1291E67FB89`
`Baby It's You`,`22050`,`None`,`0`,`158.06649`,`0`,`0`,`0`,`0`,`0`,`0`,`0`,`0`,`0`,`0`,`0`,`0`,`0`,`0`,`0`,`0`,`0`,`7`,`0.211`,`-9.607`,`1`,`0.509`,`144.045`,`112.496`,`4`,`0.482`,`TRBDLRT1291E680385`
`Do You Want To Know A Secret`,`22050`,`None`,`0`,`119.35302`,`0.449`,`0`,`0`,`0`,`0`,`0`,`0`,`0`,`0`,`0`,`0`,`0`,`0`,`0`,`0`,`0`,`0`,`4`,`0.605`,`-9.399`,`1`,`0.445`,`109.012`,`124.45`,`4`,`0`,`TRCIJSX1291E67FC60`
`A Taste Of Honey`,`22050`,`None`,`0`,`125.1522`,`0`,`0`,`0`,`0`,`0`,`0`,`0`,`0`,`0`,`0`,`0`,`0`,`0`,`0`,`0`,`0`,`0`,`1`,`0.338`,`-7.973`,`0`,`0.197`,`115.682`,`99.691`,`1`,`0`,`TRWOSTB1291E680384`
`There's A Place`,`22050`,`None`,`0`,`112.87465`,`0`,`0`,`0`,`0`,`0`,`0`,`0`,`0`,`0`,`0`,`0`,`0`,`0`,`0`,`0`,`0`,`0`,`4`,`0.617`,`-6.441`,`1`,`0.59`,`103.3`,`141.448`,`4`,`0.315`,`TRXUVHI1291BF3E0ED`
`Twist And Shout`,`22050`,`None`,`0`,`153.15546`,`0.404`,`0`,`0`,`0`,`0`,`0`,`0`,`0`,`0`,`0`,`0`,`0`,`0`,`0`,`0`,`0`,`0`,`2`,`0.39`,`-6.509`,`1`,`0.421`,`147.859`,`125.124`,`4`,`0.117`,`TRZJOTZ1291E680769`
`It Won't Be Long`,`22050`,`None`,`0`,`133.74649`,`0.984`,`0`,`0`,`0`,`0`,`0`,`0`,`0`,`0`,`0`,`0`,`0`,`0`,`0`,`0`,`0`,`0`,`4`,`0.271`,`-7.522`,`1`,`0.37`,`125.394`,`133.523`,`4`,`0`,`TRUTMIW1291FA0EE8D`
`All I've Got To Do`,`22050`,`None`,`0`,`124.55138`,`0.437`,`0`,`0`,`0`,`0`,`0`,`0`,`0`,`0`,`0`,`0`,`0`,`0`,`0`,`0`,`0`,`0`,`1`,`0.429`,`-9.849`,`0`,`0.639`,`117.139`,`119.377`,`3`,`0.492`,`TRUNOXW1291E67FDC2`
`All My Loving`,`22050`,`None`,`0`,`129.56689`,`0.38`,`0`,`0`,`0`,`0`,`0`,`0`,`0`,`0`,`0`,`0`,`0`,`0`,`0`,`0`,`0`,`0`,`4`,`0.276`,`-8.324`,`1`,`0.391`,`121.928`,`159.159`,`4`,`0.207`,`TRETOQI1291FA1121B`
`Don't Bother Me`,`22050`,`None`,`0`,`149.39383`,`0.436`,`0`,`0`,`0`,`0`,`0`,`0`,`0`,`0`,`0`,`0`,`0`,`0`,`0`,`0`,`0`,`0`,`2`,`0.452`,`-9.255`,`1`,`0.494`,`140.614`,`170.941`,`1`,`0`,`TRIHHOB1291DA757BE`
`Little Child`,`22050`,`None`,`0`,`108.01587`,`0.434`,`0`,`0`,`0`,`0`,`0`,`0`,`0`,`0`,`0`,`0`,`0`,`0`,`0`,`0`,`0`,`0`,`9`,`0.738`,`-7.859`,`1`,`0.899`,`96.142`,`151.536`,`4`,`0`,`TRPURKX1291E680393`
`Till There Was You`,`22050`,`None`,`0`,`136.75057`,`0.441`,`0`,`0`,`0`,`0`,`0`,`0`,`0`,`0`,`0`,`0`,`0`,`0`,`0`,`0`,`0`,`0`,`5`,`0.817`,`-12.486`,`1`,`0.538`,`129.051`,`122.315`,`4`,`1`,`TROCPJK1291FA5AFB5`
`Please Mister Postman`,`22050`,`None`,`0`,`156.73424`,`0`,`0`,`0`,`0`,`0`,`0`,`0`,`0`,`0`,`0`,`0`,`0`,`0`,`0`,`0`,`0`,`0`,`9`,`0.335`,`-7.742`,`1`,`0.45`,`143.993`,`122.603`,`4`,`0`,`TRQJAYK1291FA0F377`
`Roll Over Beethoven`,`22050`,`None`,`0`,`167.6273`,`0.416`,`0`,`0`,`0`,`0`,`0`,`0`,`0`,`0`,`0`,`0`,`0`,`0`,`0`,`0`,`0`,`0`,`11`,`0.179`,`-7.678`,`0`,`0.4`,`158.517`,`161.577`,`1`,`0`,`TRNMHGR1291FA0BD46`
`Hold Me Tight`,`22050`,`None`,`0`,`152.58077`,`0.402`,`0`,`0`,`0`,`0`,`0`,`0`,`0`,`0`,`0`,`0`,`0`,`0`,`0`,`0`,`0`,`0`,`5`,`0.668`,`-9.644`,`1`,`0.456`,`145.525`,`135.883`,`1`,`0`,`TRVRQPA1291FA0FB6E`
`You Really Got A Hold On Me`,`22050`,`None`,`0`,`182.90893`,`0`,`0`,`0`,`0`,`0`,`0`,`0`,`0`,`0`,`0`,`0`,`0`,`0`,`0`,`0`,`0`,`0`,`1`,`0`,`-8.849`,`0`,`0.226`,`175.949`,`115.49`,`3`,`1`,`TRJQARL1291E680394`
`I Wanna Be Your Man`,`22050`,`None`,`0`,`118.9873`,`0.413`,`0`,`0`,`0`,`0`,`0`,`0`,`0`,`0`,`0`,`0`,`0`,`0`,`0`,`0`,`0`,`0`,`11`,`0.696`,`-8.561`,`0`,`0.529`,`108.78`,`99.144`,`4`,`0.509`,`TRIMDZM1291DA75779`
`Devil In Her Heart`,`22050`,`None`,`0`,`147.66975`,`0.378`,`0`,`0`,`0`,`0`,`0`,`0`,`0`,`0`,`0`,`0`,`0`,`0`,`0`,`0`,`0`,`0`,`7`,`0.977`,`-7.973`,`1`,`0.746`,`141.224`,`121.079`,`4`,`0`,`TRWIPBC1291E07C098`
`Not A Second Time`,`22050`,`None`,`0`,`128.33914`,`0.4`,`0`,`0`,`0`,`0`,`0`,`0`,`0`,`0`,`0`,`0`,`0`,`0`,`0`,`0`,`0`,`0`,`7`,`0.001`,`-9.693`,`1`,`0.145`,`116.181`,`125.355`,`1`,`0`,`TRBVAMC1291E67FDC3`
`Money`,`22050`,`None`,`0`,`167.44444`,`0.417`,`0`,`0`,`0`,`0`,`0`,`0`,`0`,`0`,`0`,`0`,`0`,`0`,`0`,`0`,`0`,`0`,`11`,`0.83`,`-8.241`,`0`,`0.667`,`161.576`,`85.989`,`5`,`0.824`,`TRGZGOP1291FA0EE8E`
`A Hard Day's Night`,`22050`,`None`,`0`,`152.55465`,`0.99`,`0`,`0`,`0`,`0`,`0`,`0`,`0`,`0`,`0`,`0`,`0`,`0`,`0`,`0`,`0`,`0`,`0`,`0.107`,`-5.631`,`1`,`0.44`,`140.765`,`92.245`,`4`,`0.067`,`TREKEZT1291DA75778`
`I Should Have Known Better`,`22050`,`None`,`0`,`164.10077`,`0.392`,`0`,`0`,`0`,`0`,`0`,`0`,`0`,`0`,`0`,`0`,`0`,`0`,`0`,`0`,`0`,`0`,`7`,`0.837`,`-6.675`,`1`,`0.802`,`153.96`,`130.814`,`4`,`0.13`,`TRYEOVO1291FA0FB6D`
`If I Fell`,`22050`,`None`,`0`,`142.05342`,`0.386`,`0`,`0`,`0`,`0`,`0`,`0`,`0`,`0`,`0`,`0`,`0`,`0`,`0`,`0`,`0`,`0`,`2`,`0.841`,`-8.419`,`1`,`0.761`,`132.557`,`108.591`,`1`,`0.242`,`TRTVUIH1291E07C33A`
`I'm Happy Just To Dance With You`,`22050`,`None`,`0`,`118.69995`,`0.351`,`0`,`0`,`0`,`0`,`0`,`0`,`0`,`0`,`0`,`0`,`0`,`0`,`0`,`0`,`0`,`0`,`4`,`0.192`,`-7.041`,`1`,`0.372`,`111.003`,`88.156`,`5`,`1`,`TRTQRCY1291E07C097`
`And I Love Her`,`22050`,`None`,`0`,`151.09179`,`0.357`,`0`,`0`,`0`,`0`,`0`,`0`,`0`,`0`,`0`,`0`,`0`,`0`,`0`,`0`,`0`,`0`,`1`,`0.382`,`-10.139`,`0`,`0.444`,`143.732`,`113.726`,`1`,`0`,`TRZGDTT1291FA0EE8B`
`Tell Me Why`,`22050`,`None`,`0`,`130.08934`,`0.409`,`0`,`0`,`0`,`0`,`0`,`0`,`0`,`0`,`0`,`0`,`0`,`0`,`0`,`0`,`0`,`0`,`2`,`0`,`-7.989`,`1`,`0.233`,`122.149`,`49.696`,`4`,`0.515`,`TRMFLOA1291E67FB1E`
`Can't Buy Me Love`,`22050`,`None`,`0`,`134.94812`,`0.392`,`0`,`0`,`0`,`0`,`0`,`0`,`0`,`0`,`0`,`0`,`0`,`0`,`0`,`0`,`0`,`0`,`0`,`0.674`,`-6.759`,`1`,`0.449`,`125.637`,`171.766`,`4`,`0.69`,`TRAXWLZ1291D8E5366`
`Any Time At All`,`22050`,`None`,`0`,`133.40689`,`0.392`,`0`,`0`,`0`,`0`,`0`,`0`,`0`,`0`,`0`,`0`,`0`,`0`,`0`,`0`,`0`,`0`,`2`,`0.078`,`-6.338`,`1`,`0.194`,`123.977`,`141.428`,`4`,`0.595`,`TRLLSIG1291E67FC5E`
`I'll Cry Instead`,`22050`,`None`,`0`,`107.75465`,`0.398`,`0`,`0`,`0`,`0`,`0`,`0`,`0`,`0`,`0`,`0`,`0`,`0`,`0`,`0`,`0`,`0`,`7`,`0.215`,`-7.121`,`1`,`0.495`,`99.706`,`96.714`,`4`,`1`,`TRFANHD1291E67FB1F`
`Things We Said Today`,`22050`,`None`,`0`,`158.85016`,`0.374`,`0`,`0`,`0`,`0`,`0`,`0`,`0`,`0`,`0`,`0`,`0`,`0`,`0`,`0`,`0`,`0`,`9`,`0.035`,`-8.824`,`1`,`0.383`,`148.364`,`137.688`,`4`,`0.146`,`TRDJGKR1291FA0FB6C`
`When I Get Home`,`22050`,`None`,`0`,`138.37016`,`0.398`,`0`,`0`,`0`,`0`,`0`,`0`,`0`,`0`,`0`,`0`,`0`,`0`,`0`,`0`,`0`,`0`,`0`,`0.364`,`-6.474`,`1`,`0.579`,`130.217`,`125.837`,`4`,`0.314`,`TRNUARS1291DA75777`
`You Can't Do That`,`22050`,`None`,`0`,`157.64853`,`0.392`,`0`,`0`,`0`,`0`,`0`,`0`,`0`,`0`,`0`,`0`,`0`,`0`,`0`,`0`,`0`,`0`,`0`,`0.577`,`-6.923`,`1`,`0.415`,`148.074`,`128.723`,`1`,`0`,`TRLUZQN1291E07C339`
`I'll Be Back`,`22050`,`None`,`0`,`140.43383`,`0.403`,`0`,`0`,`0`,`0`,`0`,`0`,`0`,`0`,`0`,`0`,`0`,`0`,`0`,`0`,`0`,`0`,`9`,`0.62`,`-7.443`,`1`,`0.547`,`134.792`,`124.156`,`4`,`0.331`,`TRJPKTF1291FA5AFB4`
`No Reply`,`22050`,`None`,`0`,`137.84771`,`0.995`,`0`,`0`,`0`,`0`,`0`,`0`,`0`,`0`,`0`,`0`,`0`,`0`,`0`,`0`,`0`,`0`,`0`,`0.669`,`-10.713`,`1`,`0.529`,`130.525`,`124.661`,`4`,`0`,`TRHNPLD1291E680391`
`I'm a Loser`,`22050`,`None`,`0`,`153.52118`,`0.403`,`0`,`0`,`0`,`0`,`0`,`0`,`0`,`0`,`0`,`0`,`0`,`0`,`0`,`0`,`0`,`0`,`2`,`0.758`,`-8.92`,`1`,`0.725`,`140.365`,`179.871`,`4`,`0.873`,`TRVRKBM1291E07C094`
`Baby's In Black`,`22050`,`None`,`0`,`127.58159`,`0.38`,`0`,`0`,`0`,`0`,`0`,`0`,`0`,`0`,`0`,`0`,`0`,`0`,`0`,`0`,`0`,`0`,`9`,`0.225`,`-10.105`,`1`,`0.588`,`119.774`,`100.89`,`3`,`1`,`TRNIVNB1291FA0FB6B`
`Rock and Roll Music`,`22050`,`None`,`0`,`153.75628`,`0.427`,`0`,`0`,`0`,`0`,`0`,`0`,`0`,`0`,`0`,`0`,`0`,`0`,`0`,`0`,`0`,`0`,`9`,`0.822`,`-8.782`,`1`,`0.719`,`146.123`,`167.271`,`1`,`0`,`TRYXKOI1291E680392`
`I'll Follow the Sun`,`22050`,`None`,`0`,`111.04608`,`0.397`,`0`,`0`,`0`,`0`,`0`,`0`,`0`,`0`,`0`,`0`,`0`,`0`,`0`,`0`,`0`,`0`,`0`,`0.587`,`-12.682`,`1`,`0.587`,`102.992`,`133.367`,`4`,`0`,`TRHADUR1291FA5AFB1`
`Mr. Moonlight`,`22050`,`None`,`0`,`157.20444`,`0.406`,`0`,`0`,`0`,`0`,`0`,`0`,`0`,`0`,`0`,`0`,`0`,`0`,`0`,`0`,`0`,`0`,`6`,`0.937`,`-11.943`,`1`,`0.753`,`149.455`,`126.208`,`4`,`0.669`,`TRJJJLU1291E67F3A1`
`Kansas City- Hey, Hey, Hey, Hey`,`22050`,`None`,`0`,`153.46893`,`0.392`,`0`,`0`,`0`,`0`,`0`,`0`,`0`,`0`,`0`,`0`,`0`,`0`,`0`,`0`,`0`,`0`,`4`,`0.368`,`-10.017`,`0`,`0.46`,`153.469`,`131.585`,`4`,`0.007`,`TRQZYIT1291FA5AFB0`
`Eight Days a Week`,`22050`,`None`,`0`,`165.43302`,`2.502`,`0`,`0`,`0`,`0`,`0`,`0`,`0`,`0`,`0`,`0`,`0`,`0`,`0`,`0`,`0`,`0`,`9`,`0.428`,`-8.101`,`1`,`0.427`,`157.739`,`139.41`,`4`,`0.847`,`TRKNUYW1291FA0B202`
`Words of Love`,`22050`,`None`,`0`,`134.73914`,`0.403`,`0`,`0`,`0`,`0`,`0`,`0`,`0`,`0`,`0`,`0`,`0`,`0`,`0`,`0`,`0`,`0`,`4`,`0.042`,`-9.65`,`1`,`0.461`,`120.599`,`122.436`,`4`,`0`,`TRGKDQU1291FA5AFB2`
`Honey Don't`,`22050`,`None`,`0`,`179.61751`,`0.403`,`0`,`0`,`0`,`0`,`0`,`0`,`0`,`0`,`0`,`0`,`0`,`0`,`0`,`0`,`0`,`0`,`4`,`0.68`,`-9.627`,`1`,`0.384`,`169.401`,`163.822`,`4`,`0.305`,`TRTOPAM1291DA75774`
`Every Little Thing`,`22050`,`None`,`0`,`124.55138`,`0.392`,`0`,`0`,`0`,`0`,`0`,`0`,`0`,`0`,`0`,`0`,`0`,`0`,`0`,`0`,`0`,`0`,`2`,`0.604`,`-9.022`,`1`,`0.594`,`114.828`,`123.223`,`4`,`0.921`,`TRNRNVN1291E67F3A2`
`I Don't Want to Spoil the Party`,`22050`,`None`,`0`,`156.18567`,`0.415`,`0`,`0`,`0`,`0`,`0`,`0`,`0`,`0`,`0`,`0`,`0`,`0`,`0`,`0`,`0`,`0`,`7`,`0.533`,`-7.795`,`1`,`0.65`,`147.76`,`97.517`,`4`,`0`,`TRZOIAJ1291E67F3A3`
`What You're Doing`,`22050`,`None`,`0`,`154.69669`,`0.38`,`0`,`0`,`0`,`0`,`0`,`0`,`0`,`0`,`0`,`0`,`0`,`0`,`0`,`0`,`0`,`0`,`7`,`0.555`,`-10.237`,`1`,`0.662`,`142.298`,`129.629`,`4`,`0.662`,`TRGJZCQ1291E680390`
`Everybody's Trying to Be My Baby`,`22050`,`None`,`0`,`143.75138`,`0.392`,`0`,`0`,`0`,`0`,`0`,`0`,`0`,`0`,`0`,`0`,`0`,`0`,`0`,`0`,`0`,`0`,`9`,`0.694`,`-6.227`,`1`,`0.491`,`140.161`,`170.189`,`4`,`0.934`,`TRLMOTL1291E67FB94`
`Help!`,`22050`,`None`,`0`,`141.08689`,`1.013`,`0`,`0`,`0`,`0`,`0`,`0`,`0`,`0`,`0`,`0`,`0`,`0`,`0`,`0`,`0`,`0`,`2`,`0.492`,`-12.772`,`1`,`0.543`,`131.808`,`94.796`,`4`,`0`,`TRIEINK1291FA0E874`
`The Night Before`,`22050`,`None`,`0`,`156.70812`,`0`,`0`,`0`,`0`,`0`,`0`,`0`,`0`,`0`,`0`,`0`,`0`,`0`,`0`,`0`,`0`,`0`,`2`,`0.708`,`-10.502`,`1`,`0.623`,`148.097`,`169.946`,`4`,`0.61`,`TRLPKCN1291E07C336`
`You've Got To Hide Your Love Away`,`22050`,`None`,`0`,`131.44771`,`0.386`,`0`,`0`,`0`,`0`,`0`,`0`,`0`,`0`,`0`,`0`,`0`,`0`,`0`,`0`,`0`,`0`,`7`,`1`,`-12.556`,`1`,`0.806`,`123.269`,`92.235`,`3`,`1`,`TRMYLWT1291FA0BD44`
`I Need You`,`22050`,`None`,`0`,`151.50975`,`0.421`,`0`,`0`,`0`,`0`,`0`,`0`,`0`,`0`,`0`,`0`,`0`,`0`,`0`,`0`,`0`,`0`,`9`,`0.617`,`-13.176`,`1`,`0.597`,`144.138`,`136.357`,`1`,`0`,`TRQJEDI1291E07C338`
`Another Girl`,`22050`,`None`,`0`,`128.02567`,`0.397`,`0`,`0`,`0`,`0`,`0`,`0`,`0`,`0`,`0`,`0`,`0`,`0`,`0`,`0`,`0`,`0`,`2`,`0.284`,`-10.814`,`1`,`0.555`,`120.303`,`88.589`,`4`,`0.174`,`TRWQYGQ1291FA0F376`
`You're Going To Lose That Girl`,`22050`,`None`,`0`,`140.45995`,`0.415`,`0`,`0`,`0`,`0`,`0`,`0`,`0`,`0`,`0`,`0`,`0`,`0`,`0`,`0`,`0`,`0`,`1`,`0.392`,`-11.099`,`0`,`0.506`,`131.524`,`131.923`,`4`,`0`,`TRDZFMT1291FA0EE8A`
`Ticket To Ride`,`22050`,`None`,`0`,`192.49587`,`0.386`,`0`,`0`,`0`,`0`,`0`,`0`,`0`,`0`,`0`,`0`,`0`,`0`,`0`,`0`,`0`,`0`,`4`,`0.56`,`-10.004`,`0`,`0.55`,`175.137`,`123.654`,`4`,`0.832`,`TRMACGP1291E67F3A4`
`Act Naturally`,`22050`,`None`,`0`,`153.18159`,`0.398`,`0`,`0`,`0`,`0`,`0`,`0`,`0`,`0`,`0`,`0`,`0`,`0`,`0`,`0`,`0`,`0`,`7`,`0.814`,`-12.484`,`1`,`0.697`,`142.785`,`185.83`,`4`,`0.374`,`TRIVXKV1291FA0B204`
`It's Only Love`,`22050`,`None`,`0`,`118.80444`,`0.386`,`0`,`0`,`0`,`0`,`0`,`0`,`0`,`0`,`0`,`0`,`0`,`0`,`0`,`0`,`0`,`0`,`5`,`0.067`,`-13.907`,`1`,`0.405`,`110.272`,`113.076`,`4`,`0.874`,`TRVVYNV1291E07C095`
`You Like Me Too Much`,`22050`,`None`,`0`,`158.82404`,`0.403`,`0`,`0`,`0`,`0`,`0`,`0`,`0`,`0`,`0`,`0`,`0`,`0`,`0`,`0`,`0`,`0`,`7`,`0.378`,`-11.794`,`1`,`0.551`,`151.232`,`176.83`,`4`,`0`,`TRKYLDX1291D8E5364`
`Tell Me What You See`,`22050`,`None`,`0`,`159.7122`,`0`,`0`,`0`,`0`,`0`,`0`,`0`,`0`,`0`,`0`,`0`,`0`,`0`,`0`,`0`,`0`,`0`,`7`,`0.37`,`-11.761`,`1`,`0.518`,`152.079`,`136.702`,`4`,`0.042`,`TRJBEEW1291D8E5365`
`I've Just Seen a Face`,`22050`,`None`,`0`,`127.18975`,`0`,`0`,`0`,`0`,`0`,`0`,`0`,`0`,`0`,`0`,`0`,`0`,`0`,`0`,`0`,`0`,`0`,`9`,`0.572`,`-13.227`,`1`,`0.689`,`117.348`,`120.63`,`4`,`0.585`,`TRZKEJO1291FA11B45`
`Yesterday`,`22050`,`None`,`0`,`127.45098`,`0.398`,`0`,`0`,`0`,`0`,`0`,`0`,`0`,`0`,`0`,`0`,`0`,`0`,`0`,`0`,`0`,`0`,`0`,`0.014`,`-17.191`,`1`,`0.371`,`119.536`,`92.409`,`3`,`0.496`,`TRSQIMJ1291FA0E873`
`Dizzy Miss Lizzy`,`22050`,`None`,`0`,`174.15791`,`0.374`,`0`,`0`,`0`,`0`,`0`,`0`,`0`,`0`,`0`,`0`,`0`,`0`,`0`,`0`,`0`,`0`,`9`,`0.568`,`-10.991`,`1`,`0.554`,`167.027`,`136.436`,`1`,`0`,`TRYBIXG1291FA0E872`
`Drive My Car`,`22050`,`None`,`0`,`150.282`,`1.088`,`0`,`0`,`0`,`0`,`0`,`0`,`0`,`0`,`0`,`0`,`0`,`0`,`0`,`0`,`0`,`0`,`7`,`0.124`,`-11.366`,`1`,`0.566`,`138.17`,`122.525`,`4`,`0.183`,`TRKXNJY1291DA7574B`
`Norwegian Wood (This Bird Has Flown)`,`22050`,`None`,`0`,`125.43955`,`0`,`0`,`0`,`0`,`0`,`0`,`0`,`0`,`0`,`0`,`0`,`0`,`0`,`0`,`0`,`0`,`0`,`9`,`0.05`,`-14.738`,`1`,`0.239`,`118.706`,`89.025`,`3`,`0.917`,`TRLZLVA1291E67FB1C`
`You Won't See Me`,`22050`,`None`,`0`,`202.60526`,`0.398`,`0`,`0`,`0`,`0`,`0`,`0`,`0`,`0`,`0`,`0`,`0`,`0`,`0`,`0`,`0`,`0`,`9`,`0.698`,`-12.713`,`1`,`0.616`,`189.707`,`115.745`,`1`,`0.399`,`TRYSJSO1291D8E5361`
`Nowhere Man`,`22050`,`None`,`0`,`164.30975`,`0.398`,`0`,`0`,`0`,`0`,`0`,`0`,`0`,`0`,`0`,`0`,`0`,`0`,`0`,`0`,`0`,`0`,`4`,`0.589`,`-12.856`,`1`,`0.606`,`155.115`,`121.043`,`1`,`0`,`TRZUMIB1291E67FDBE`
`Think For Yourself`,`22050`,`None`,`0`,`139.33669`,`0.38`,`0`,`0`,`0`,`0`,`0`,`0`,`0`,`0`,`0`,`0`,`0`,`0`,`0`,`0`,`0`,`0`,`0`,`0.49`,`-12.155`,`1`,`0.601`,`134.937`,`130.278`,`1`,`0`,`TRGITVD1291E67FC64`
`The Word`,`22050`,`None`,`0`,`163.70893`,`0.38`,`0`,`0`,`0`,`0`,`0`,`0`,`0`,`0`,`0`,`0`,`0`,`0`,`0`,`0`,`0`,`0`,`0`,`0.336`,`-11.362`,`1`,`0.361`,`154.186`,`121.01`,`1`,`0`,`TRUOPMO1291DA7574C`
`Michelle`,`22050`,`None`,`0`,`162.37669`,`0.392`,`0`,`0`,`0`,`0`,`0`,`0`,`0`,`0`,`0`,`0`,`0`,`0`,`0`,`0`,`0`,`0`,`5`,`0.786`,`-19.211`,`0`,`0.581`,`153.722`,`112.964`,`1`,`0`,`TRASGZP1291E680AE4`
`What Goes On`,`22050`,`None`,`0`,`170.81424`,`0.351`,`0`,`0`,`0`,`0`,`0`,`0`,`0`,`0`,`0`,`0`,`0`,`0`,`0`,`0`,`0`,`0`,`4`,`0.718`,`-14.859`,`1`,`0.646`,`161.791`,`194.004`,`4`,`1`,`TRKUICE1291E67FC65`
`Girl`,`22050`,`None`,`0`,`153.88689`,`0.392`,`0`,`0`,`0`,`0`,`0`,`0`,`0`,`0`,`0`,`0`,`0`,`0`,`0`,`0`,`0`,`0`,`1`,`0.165`,`-16.944`,`1`,`0.409`,`140.881`,`96.752`,`4`,`0`,`TRJFPRF1291E07C333`
`I'm Looking Through You`,`22050`,`None`,`0`,`147.82649`,`0.369`,`0`,`0`,`0`,`0`,`0`,`0`,`0`,`0`,`0`,`0`,`0`,`0`,`0`,`0`,`0`,`0`,`3`,`0.691`,`-14.486`,`1`,`0.584`,`133.904`,`85.782`,`4`,`0.981`,`TRNEBZX1291E68076D`
`In My Life`,`22050`,`None`,`0`,`147.98322`,`0.399`,`0`,`0`,`0`,`0`,`0`,`0`,`0`,`0`,`0`,`0`,`0`,`0`,`0`,`0`,`0`,`0`,`9`,`0.588`,`-14.77`,`1`,`0.589`,`140.278`,`103.196`,`4`,`0.255`,`TRTOYZR1291E67FDBF`
`Wait`,`22050`,`None`,`0`,`136.98567`,`0.38`,`0`,`0`,`0`,`0`,`0`,`0`,`0`,`0`,`0`,`0`,`0`,`0`,`0`,`0`,`0`,`0`,`2`,`0.008`,`-14.04`,`1`,`0.231`,`128.395`,`85.109`,`3`,`1`,`TRAONXL1291E67FB93`
`If I Needed Someone`,`22050`,`None`,`0`,`143.85587`,`0.386`,`0`,`0`,`0`,`0`,`0`,`0`,`0`,`0`,`0`,`0`,`0`,`0`,`0`,`0`,`0`,`0`,`2`,`0.41`,`-14.678`,`1`,`0.413`,`134.072`,`127.54`,`4`,`0`,`TRHFNPV1291E67FD61`
`Run For Your Life`,`22050`,`None`,`0`,`138.68363`,`0.392`,`0`,`0`,`0`,`0`,`0`,`0`,`0`,`0`,`0`,`0`,`0`,`0`,`0`,`0`,`0`,`0`,`6`,`0.605`,`-13.55`,`0`,`0.601`,`130.426`,`88.436`,`4`,`0.39`,`TREXMQQ1291E67FB1A`
`Taxman`,`22050`,`None`,`0`,`159.00689`,`0.99`,`0`,`0`,`0`,`0`,`0`,`0`,`0`,`0`,`0`,`0`,`0`,`0`,`0`,`0`,`0`,`0`,`7`,`0.221`,`-12.017`,`1`,`0.331`,`147.551`,`133.024`,`4`,`0.736`,`TRAGUJV1291E67FDBD`
`Eleanor Rigby`,`22050`,`None`,`0`,`127.68608`,`0.373`,`0`,`0`,`0`,`0`,`0`,`0`,`0`,`0`,`0`,`0`,`0`,`0`,`0`,`0`,`0`,`0`,`4`,`0.683`,`-14.506`,`0`,`0.665`,`120.575`,`137.878`,`1`,`0`,`TRDWPOX1291E67FDBC`
`I'm Only Sleeping`,`22050`,`None`,`0`,`181.68118`,`0.392`,`0`,`0`,`0`,`0`,`0`,`0`,`0`,`0`,`0`,`0`,`0`,`0`,`0`,`0`,`0`,`0`,`8`,`0.313`,`-12.786`,`0`,`0.385`,`168.542`,`104.349`,`4`,`0`,`TRSYKOX1291DA75749`
`Love You To`,`22050`,`None`,`0`,`181.21098`,`0.409`,`0`,`0`,`0`,`0`,`0`,`0`,`0`,`0`,`0`,`0`,`0`,`0`,`0`,`0`,`0`,`0`,`5`,`0.661`,`-11.741`,`1`,`0.583`,`168.652`,`125.783`,`4`,`0.383`,`TRGHSMR1291E68038D`
`Here, There And Everywhere`,`22050`,`None`,`0`,`145.8673`,`0.403`,`0`,`0`,`0`,`0`,`0`,`0`,`0`,`0`,`0`,`0`,`0`,`0`,`0`,`0`,`0`,`0`,`10`,`0.524`,`-20.075`,`1`,`0.591`,`136.748`,`82.82`,`4`,`0.398`,`TRKINOU1291F6D90F0`
`Yellow Submarine`,`22050`,`None`,`0`,`160.41751`,`0.409`,`0`,`0`,`0`,`0`,`0`,`0`,`0`,`0`,`0`,`0`,`0`,`0`,`0`,`0`,`0`,`0`,`1`,`0.407`,`-13.594`,`1`,`0.522`,`149.002`,`111.581`,`4`,`0`,`TRHSNLT1291E07C093`
`She Said She Said`,`22050`,`None`,`0`,`157.1522`,`0.399`,`0`,`0`,`0`,`0`,`0`,`0`,`0`,`0`,`0`,`0`,`0`,`0`,`0`,`0`,`0`,`0`,`3`,`0.768`,`-11.675`,`1`,`0.156`,`142.617`,`106.361`,`4`,`0.553`,`TRACGEM1291E68038E`
`Good Day Sunshine`,`22050`,`None`,`0`,`129.77587`,`0.386`,`0`,`0`,`0`,`0`,`0`,`0`,`0`,`0`,`0`,`0`,`0`,`0`,`0`,`0`,`0`,`0`,`11`,`0.069`,`-11.837`,`1`,`0.489`,`119.867`,`116.822`,`4`,`0.498`,`TRSWIWM1291E67FB90`
`And Your Bird Can Sing`,`22050`,`None`,`0`,`121.75628`,`0.409`,`0`,`0`,`0`,`0`,`0`,`0`,`0`,`0`,`0`,`0`,`0`,`0`,`0`,`0`,`0`,`0`,`4`,`0.729`,`-9.128`,`1`,`0.623`,`114.114`,`132.933`,`4`,`0`,`TREMDBH1291E67FC63`
`For No One`,`22050`,`None`,`0`,`121.73016`,`0.38`,`0`,`0`,`0`,`0`,`0`,`0`,`0`,`0`,`0`,`0`,`0`,`0`,`0`,`0`,`0`,`0`,`11`,`0.464`,`-14.751`,`1`,`0.295`,`111.705`,`81.903`,`4`,`0`,`TRVCCMM1291DA75748`
`Doctor Robert`,`22050`,`None`,`0`,`135.20934`,`0.351`,`0`,`0`,`0`,`0`,`0`,`0`,`0`,`0`,`0`,`0`,`0`,`0`,`0`,`0`,`0`,`0`,`4`,`0.371`,`-11.861`,`1`,`0.605`,`126.177`,`163.93`,`4`,`1`,`TRFQYQB1291E67FB91`
`I Want To Tell You`,`22050`,`None`,`0`,`149.89016`,`3.129`,`0`,`0`,`0`,`0`,`0`,`0`,`0`,`0`,`0`,`0`,`0`,`0`,`0`,`0`,`0`,`0`,`9`,`0.908`,`-13.086`,`1`,`0.599`,`137.572`,`128.001`,`1`,`0`,`TRYUZEZ1291E07C332`
`Got To Get You Into My Life`,`22050`,`None`,`0`,`150.64771`,`0.403`,`0`,`0`,`0`,`0`,`0`,`0`,`0`,`0`,`0`,`0`,`0`,`0`,`0`,`0`,`0`,`0`,`0`,`0.476`,`-11.241`,`1`,`0.457`,`137.323`,`137.126`,`1`,`0`,`TRHSNQV1291E67F39E`
`Tomorrow Never Knows`,`22050`,`None`,`0`,`177.26649`,`3.175`,`0`,`0`,`0`,`0`,`0`,`0`,`0`,`0`,`0`,`0`,`0`,`0`,`0`,`0`,`0`,`0`,`0`,`0`,`-8.419`,`1`,`0`,`172.124`,`126.416`,`4`,`1`,`TRGGUUU1291E67FA21`
`Sgt. Pepper's Lonely Hearts Club Band`,`22050`,`None`,`0`,`122.43546`,`3.837`,`0`,`0`,`0`,`0`,`0`,`0`,`0`,`0`,`0`,`0`,`0`,`0`,`0`,`0`,`0`,`0`,`7`,`0.732`,`-13.565`,`1`,`0.694`,`122.435`,`95.471`,`1`,`0`,`TREZCKJ1291D78329E`
`With A Little Help From My Friends`,`22050`,`None`,`0`,`164.0224`,`0`,`0`,`0`,`0`,`0`,`0`,`0`,`0`,`0`,`0`,`0`,`0`,`0`,`0`,`0`,`0`,`0`,`6`,`0.371`,`-10.887`,`0`,`0.409`,`157.832`,`112.221`,`4`,`0`,`TRIGEYY1291E68038F`
`Lucy In The Sky With Diamonds`,`22050`,`None`,`0`,`208.45669`,`0.228`,`0`,`0`,`0`,`0`,`0`,`0`,`0`,`0`,`0`,`0`,`0`,`0`,`0`,`0`,`0`,`0`,`2`,`0.115`,`-13.075`,`1`,`0.344`,`196.307`,`95.367`,`4`,`0.87`,`TREOPTL1291E07C32A`
`Getting Better`,`22050`,`None`,`0`,`167.88853`,`0.392`,`0`,`0`,`0`,`0`,`0`,`0`,`0`,`0`,`0`,`0`,`0`,`0`,`0`,`0`,`0`,`0`,`0`,`0.871`,`-10.906`,`1`,`0.696`,`160.926`,`122.085`,`4`,`0.38`,`TRJNJHO1291DA7574A`
`Fixing A Hole`,`22050`,`None`,`0`,`156.62975`,`0`,`0`,`0`,`0`,`0`,`0`,`0`,`0`,`0`,`0`,`0`,`0`,`0`,`0`,`0`,`0`,`0`,`0`,`0.589`,`-12.736`,`0`,`0.491`,`143.911`,`118.915`,`1`,`0`,`TRBWUOH1291E680AE3`
`She's Leaving Home`,`22050`,`None`,`0`,`215.06567`,`0.468`,`0`,`0`,`0`,`0`,`0`,`0`,`0`,`0`,`0`,`0`,`0`,`0`,`0`,`0`,`0`,`0`,`4`,`0.402`,`-18.148`,`1`,`0.543`,`208.951`,`64.674`,`4`,`0.355`,`TRPHMFE1291E67FB92`
`Being For The Benefit Of Mr. Kite!`,`22050`,`None`,`0`,`157.09995`,`0.409`,`0`,`0`,`0`,`0`,`0`,`0`,`0`,`0`,`0`,`0`,`0`,`0`,`0`,`0`,`0`,`0`,`0`,`0.464`,`-14.07`,`1`,`0.761`,`153.199`,`108.18`,`1`,`0`,`TRVNBJS1291E07C329`
`Within You Without You`,`22050`,`None`,`0`,`305.08363`,`5.48`,`0`,`0`,`0`,`0`,`0`,`0`,`0`,`0`,`0`,`0`,`0`,`0`,`0`,`0`,`0`,`0`,`6`,`0.602`,`-15.072`,`1`,`0.607`,`300.083`,`126.366`,`4`,`0.411`,`TRIXSST1291E67FD60`
`When I'm Sixty-Four`,`22050`,`None`,`0`,`157.72689`,`0.229`,`0`,`0`,`0`,`0`,`0`,`0`,`0`,`0`,`0`,`0`,`0`,`0`,`0`,`0`,`0`,`0`,`1`,`0.325`,`-19.47`,`1`,`0.438`,`157.727`,`140.844`,`4`,`0.673`,`TRDPJMQ1291D78329D`
`Lovely Rita`,`22050`,`None`,`0`,`162.11546`,`0.209`,`0`,`0`,`0`,`0`,`0`,`0`,`0`,`0`,`0`,`0`,`0`,`0`,`0`,`0`,`0`,`0`,`3`,`0.578`,`-11.552`,`1`,`0.527`,`158.499`,`88.132`,`4`,`0`,`TRGCZML1291E68076C`
`Good Morning Good Morning`,`22050`,`None`,`0`,`161.33179`,`0.223`,`0`,`0`,`0`,`0`,`0`,`0`,`0`,`0`,`0`,`0`,`0`,`0`,`0`,`0`,`0`,`0`,`2`,`0.898`,`-11.569`,`1`,`0.715`,`158.267`,`121.338`,`1`,`0`,`TRHOYQB1291D7840E2`
`Sgt. Pepper's Lonely Hearts Club Band (Reprise)`,`22050`,`None`,`0`,`78.91546`,`0`,`0`,`0`,`0`,`0`,`0`,`0`,`0`,`0`,`0`,`0`,`0`,`0`,`0`,`0`,`0`,`0`,`0`,`0.599`,`-10.421`,`1`,`0.507`,`78.915`,`118.862`,`4`,`0.829`,`TRRDPFD1291DA757BC`
`A Day In The Life`,`22050`,`None`,`0`,`333.7922`,`0`,`0`,`0`,`0`,`0`,`0`,`0`,`0`,`0`,`0`,`0`,`0`,`0`,`0`,`0`,`0`,`0`,`9`,`0.577`,`-17.793`,`1`,`0.466`,`325.753`,`79.866`,`1`,`0.51`,`TRTAVJA1291D7840E1`
`Magical Mystery Tour`,`22050`,`None`,`0`,`171.83302`,`1.015`,`0`,`0`,`0`,`0`,`0`,`0`,`0`,`0`,`0`,`0`,`0`,`0`,`0`,`0`,`0`,`0`,`9`,`0.547`,`-12.103`,`1`,`0.663`,`171.833`,`85.005`,`1`,`0`,`TRJXIXY1291E67FD5A`
`The Fool On The Hill`,`22050`,`None`,`0`,`180.1922`,`0.403`,`0`,`0`,`0`,`0`,`0`,`0`,`0`,`0`,`0`,`0`,`0`,`0`,`0`,`0`,`0`,`0`,`4`,`0.407`,`-15.725`,`0`,`0.52`,`171.572`,`144.722`,`4`,`0.842`,`TRISNHP1291DA75740`
`Flying`,`22050`,`None`,`0`,`136.98567`,`0.38`,`0`,`0`,`0`,`0`,`0`,`0`,`0`,`0`,`0`,`0`,`0`,`0`,`0`,`0`,`0`,`0`,`0`,`0.861`,`-16.79`,`1`,`0.788`,`136.986`,`92.92`,`4`,`0.486`,`TRNETWC1291E67FB87`
`Blue Jay Way`,`22050`,`None`,`0`,`236.72118`,`4.255`,`0`,`0`,`0`,`0`,`0`,`0`,`0`,`0`,`0`,`0`,`0`,`0`,`0`,`0`,`0`,`0`,`0`,`0.809`,`-13.357`,`1`,`0.726`,`225.112`,`103.123`,`4`,`0.343`,`TRHJWOS1291D8E5358`
`Your Mother Should Know`,`22050`,`None`,`0`,`149.60281`,`0.403`,`0`,`0`,`0`,`0`,`0`,`0`,`0`,`0`,`0`,`0`,`0`,`0`,`0`,`0`,`0`,`0`,`9`,`0.44`,`-14.171`,`0`,`0.444`,`140.574`,`117.832`,`4`,`0.085`,`TRHCYNE1291DA75741`
`I Am The Walrus`,`22050`,`None`,`0`,`277.08036`,`0`,`0`,`0`,`0`,`0`,`0`,`0`,`0`,`0`,`0`,`0`,`0`,`0`,`0`,`0`,`0`,`0`,`2`,`0.451`,`-14.989`,`1`,`0.496`,`263.105`,`86.694`,`1`,`0`,`TRRXYFM1291E67FC5F`
`Hello Goodbye`,`22050`,`None`,`0`,`211.48689`,`0.392`,`0`,`0`,`0`,`0`,`0`,`0`,`0`,`0`,`0`,`0`,`0`,`0`,`0`,`0`,`0`,`0`,`0`,`0.671`,`-11.85`,`1`,`0.56`,`198.949`,`99.711`,`1`,`0`,`TRLXIKB1291E67FB86`
`Strawberry Fields Forever`,`22050`,`None`,`0`,`250.51383`,`0.357`,`0`,`0`,`0`,`0`,`0`,`0`,`0`,`0`,`0`,`0`,`0`,`0`,`0`,`0`,`0`,`0`,`10`,`0.557`,`-16.405`,`1`,`0.506`,`236.832`,`98.82`,`1`,`0`,`TRCHQOQ1291D7840DB`
`Penny Lane`,`22050`,`None`,`0`,`183.37914`,`0.422`,`0`,`0`,`0`,`0`,`0`,`0`,`0`,`0`,`0`,`0`,`0`,`0`,`0`,`0`,`0`,`0`,`11`,`0.384`,`-14.278`,`0`,`0.418`,`176.274`,`113.656`,`4`,`0`,`TRYVKVK1291E680768`
`Baby You're A Rich Man`,`22050`,`None`,`0`,`183.77098`,`0`,`0`,`0`,`0`,`0`,`0`,`0`,`0`,`0`,`0`,`0`,`0`,`0`,`0`,`0`,`0`,`0`,`0`,`0.585`,`-15.092`,`1`,`0.424`,`171.624`,`97.077`,`1`,`0`,`TRWGOCX1291E680AE1`
`All You Need Is Love`,`22050`,`None`,`0`,`228.30975`,`0.389`,`0`,`0`,`0`,`0`,`0`,`0`,`0`,`0`,`0`,`0`,`0`,`0`,`0`,`0`,`0`,`0`,`7`,`0.684`,`-12.119`,`1`,`0.739`,`212.648`,`111.337`,`4`,`0`,`TRRDDMX1291E680AE0`
`Back in the USSR`,`22050`,`None`,`0`,`163.3171`,`9.224`,`0`,`0`,`0`,`0`,`0`,`0`,`0`,`0`,`0`,`0`,`0`,`0`,`0`,`0`,`0`,`0`,`9`,`0.488`,`-11.659`,`1`,`0.451`,`163.317`,`142.472`,`1`,`0`,`TRSVNUF1291DA7577B`
`Dear Prudence`,`22050`,`None`,`0`,`236.38159`,`0`,`0`,`0`,`0`,`0`,`0`,`0`,`0`,`0`,`0`,`0`,`0`,`0`,`0`,`0`,`0`,`0`,`7`,`0.401`,`-15.122`,`1`,`0.458`,`219.516`,`150.537`,`4`,`0.751`,`TRCTBFO1291E67FDC6`
`Glass Onion`,`22050`,`None`,`0`,`137.97832`,`0.09`,`0`,`0`,`0`,`0`,`0`,`0`,`0`,`0`,`0`,`0`,`0`,`0`,`0`,`0`,`0`,`0`,`9`,`0.21`,`-12.918`,`0`,`0.364`,`125.823`,`120.787`,`1`,`0`,`TRTOTIJ1291D8E5368`
`Ob-La-Di, Ob-La-Da`,`22050`,`None`,`0`,`188.83873`,`0.066`,`0`,`0`,`0`,`0`,`0`,`0`,`0`,`0`,`0`,`0`,`0`,`0`,`0`,`0`,`0`,`0`,`10`,`0.672`,`-11.726`,`1`,`0.657`,`182.991`,`113.227`,`4`,`0.836`,`TRUXRYD1291FA0BD48`
`Wild Honey Pie`,`22050`,`None`,`0`,`52.92363`,`0`,`0`,`0`,`0`,`0`,`0`,`0`,`0`,`0`,`0`,`0`,`0`,`0`,`0`,`0`,`0`,`0`,`2`,`0.05`,`-13.45`,`1`,`0.427`,`52.924`,`89.921`,`1`,`0`,`TRYBBQH1291DA7577A`
`The Continuing Story of Bungalow Bill`,`22050`,`None`,`0`,`194.08934`,`0.096`,`0`,`0`,`0`,`0`,`0`,`0`,`0`,`0`,`0`,`0`,`0`,`0`,`0`,`0`,`0`,`0`,`9`,`0.41`,`-15.701`,`0`,`0.475`,`194.089`,`115.031`,`4`,`0.229`,`TRQWDCD1291E67FDC5`
`While My Guitar Gently Weeps`,`22050`,`None`,`0`,`285.30893`,`0`,`0`,`0`,`0`,`0`,`0`,`0`,`0`,`0`,`0`,`0`,`0`,`0`,`0`,`0`,`0`,`0`,`7`,`0`,`-14.108`,`1`,`0.292`,`267.14`,`115.733`,`1`,`0`,`TRTTUGJ1291E67FB20`
`Happiness is a Warm Gun`,`22050`,`None`,`0`,`163.47383`,`0.171`,`0`,`0`,`0`,`0`,`0`,`0`,`0`,`0`,`0`,`0`,`0`,`0`,`0`,`0`,`0`,`0`,`9`,`0.411`,`-14.444`,`0`,`0.49`,`156.491`,`139.611`,`4`,`0.615`,`TRPXAZY1291FA0BD49`
`Martha My Dear`,`22050`,`None`,`0`,`148.74077`,`0.345`,`0`,`0`,`0`,`0`,`0`,`0`,`0`,`0`,`0`,`0`,`0`,`0`,`0`,`0`,`0`,`0`,`10`,`0.36`,`-18.261`,`1`,`0.646`,`142.925`,`89.128`,`1`,`0`,`TRSAGXJ1291FA0F378`
`I'm So Tired`,`22050`,`None`,`0`,`123.32363`,`0.096`,`0`,`0`,`0`,`0`,`0`,`0`,`0`,`0`,`0`,`0`,`0`,`0`,`0`,`0`,`0`,`0`,`9`,`0.694`,`-15.391`,`1`,`0.611`,`117.65`,`144.066`,`1`,`0`,`TRQXXKN1291FA0F379`
`Black Bird`,`22050`,`None`,`0`,`138.29179`,`0.061`,`0`,`0`,`0`,`0`,`0`,`0`,`0`,`0`,`0`,`0`,`0`,`0`,`0`,`0`,`0`,`0`,`7`,`0.835`,`-24.696`,`1`,`0.694`,`134.339`,`93.942`,`4`,`0`,`TRRNCAF1291E67FDC4`
`Piggies`,`22050`,`None`,`0`,`124.3424`,`0`,`0`,`0`,`0`,`0`,`0`,`0`,`0`,`0`,`0`,`0`,`0`,`0`,`0`,`0`,`0`,`0`,`8`,`0.646`,`-17.606`,`1`,`0.569`,`119.467`,`92.899`,`1`,`0`,`TRXEVIO1291FA0B207`
`Rocky Raccoon`,`22050`,`None`,`0`,`212.89751`,`0.113`,`0`,`0`,`0`,`0`,`0`,`0`,`0`,`0`,`0`,`0`,`0`,`0`,`0`,`0`,`0`,`0`,`7`,`0.814`,`-17.015`,`1`,`0.672`,`207.755`,`159.754`,`4`,`0`,`TRNEHBD1291FA11B49`
`Don't Pass Me By`,`22050`,`None`,`0`,`230.42567`,`0`,`0`,`0`,`0`,`0`,`0`,`0`,`0`,`0`,`0`,`0`,`0`,`0`,`0`,`0`,`0`,`0`,`0`,`0.994`,`-15.873`,`1`,`0.865`,`217.588`,`84.975`,`4`,`0`,`TRZOVBZ1291FA11B48`
`Why Don't We Do It In The Road`,`22050`,`None`,`0`,`101.45914`,`0`,`0`,`0`,`0`,`0`,`0`,`0`,`0`,`0`,`0`,`0`,`0`,`0`,`0`,`0`,`0`,`0`,`7`,`0.035`,`-13.482`,`1`,`0.194`,`97.263`,`94.367`,`4`,`0`,`TRATRDX1291E680395`
`I Will`,`22050`,`None`,`0`,`106.03057`,`0.351`,`0`,`0`,`0`,`0`,`0`,`0`,`0`,`0`,`0`,`0`,`0`,`0`,`0`,`0`,`0`,`0`,`5`,`0.462`,`-19.168`,`1`,`0.491`,`100.74`,`103.079`,`4`,`0.89`,`TRGDCVN1291FA0B206`
`Julia`,`22050`,`None`,`0`,`174.07955`,`0.375`,`0`,`0`,`0`,`0`,`0`,`0`,`0`,`0`,`0`,`0`,`0`,`0`,`0`,`0`,`0`,`0`,`11`,`0`,`-27.141`,`0`,`0.133`,`166.174`,`57.186`,`4`,`0.923`,`TRTOOWI1291E67FB21`
`Birthday`,`22050`,`None`,`0`,`162.92526`,`0.978`,`0`,`0`,`0`,`0`,`0`,`0`,`0`,`0`,`0`,`0`,`0`,`0`,`0`,`0`,`0`,`0`,`9`,`0.351`,`-10.031`,`1`,`0.298`,`155.191`,`139.038`,`1`,`0.318`,`TRSMLVI1291DA757B9`
`Yer Blues`,`22050`,`None`,`0`,`241.10975`,`0.119`,`0`,`0`,`0`,`0`,`0`,`0`,`0`,`0`,`0`,`0`,`0`,`0`,`0`,`0`,`0`,`0`,`9`,`0.333`,`-14.561`,`1`,`0.382`,`225.849`,`154.76`,`3`,`1`,`TRDLGZN1291D783297`
`Mother Nature's Son`,`22050`,`None`,`0`,`168.04526`,`0.351`,`0`,`0`,`0`,`0`,`0`,`0`,`0`,`0`,`0`,`0`,`0`,`0`,`0`,`0`,`0`,`0`,`2`,`0.773`,`-23.426`,`1`,`0.579`,`161.849`,`85.011`,`4`,`0`,`TRVCQHR1291DA757B7`
`Everybody's Got Something To Hide Except Me and My Monkey`,`22050`,`None`,`0`,`144.8224`,`0.344`,`0`,`0`,`0`,`0`,`0`,`0`,`0`,`0`,`0`,`0`,`0`,`0`,`0`,`0`,`0`,`0`,`9`,`0.479`,`-12.124`,`1`,`0.545`,`132.975`,`117.585`,`4`,`0.092`,`TRJIRSD1291E07C08B`
`Sexy Sadie`,`22050`,`None`,`0`,`195.34322`,`0.078`,`0`,`0`,`0`,`0`,`0`,`0`,`0`,`0`,`0`,`0`,`0`,`0`,`0`,`0`,`0`,`0`,`7`,`0.566`,`-13.077`,`1`,`0.588`,`182.468`,`151.252`,`1`,`0`,`TRZAGOE1291D7840DA`
`Helter Skelter`,`22050`,`None`,`0`,`269.68771`,`0.101`,`0`,`0`,`0`,`0`,`0`,`0`,`0`,`0`,`0`,`0`,`0`,`0`,`0`,`0`,`0`,`0`,`9`,`0.518`,`-12.355`,`1`,`0.513`,`267.128`,`167.574`,`1`,`0`,`TRZOLEX1291E07C32B`
`Long Long Long`,`22050`,`None`,`0`,`184.34567`,`0.345`,`0`,`0`,`0`,`0`,`0`,`0`,`0`,`0`,`0`,`0`,`0`,`0`,`0`,`0`,`0`,`0`,`5`,`0.861`,`-22.554`,`1`,`0.667`,`171.874`,`105.104`,`1`,`0.168`,`TRBKSLP1291E67FA19`
`Revolution 1`,`22050`,`None`,`0`,`255.73832`,`0.381`,`0`,`0`,`0`,`0`,`0`,`0`,`0`,`0`,`0`,`0`,`0`,`0`,`0`,`0`,`0`,`0`,`9`,`0.617`,`-13.167`,`1`,`0.736`,`244.361`,`98.183`,`4`,`0.126`,`TREAWLV1291DA757B6`
`Honey Pie`,`22050`,`None`,`0`,`161.35791`,`0.351`,`0`,`0`,`0`,`0`,`0`,`0`,`0`,`0`,`0`,`0`,`0`,`0`,`0`,`0`,`0`,`0`,`7`,`0.601`,`-18.297`,`1`,`0.551`,`156.381`,`142.844`,`1`,`0`,`TRVIUCV1291DA757B8`
`Savoy Truffle`,`22050`,`None`,`0`,`174.91546`,`0.348`,`0`,`0`,`0`,`0`,`0`,`0`,`0`,`0`,`0`,`0`,`0`,`0`,`0`,`0`,`0`,`0`,`11`,`0.507`,`-15.603`,`0`,`0.402`,`172.414`,`121.037`,`1`,`0`,`TRSGIIH1291D783296`
`Cry Baby Cry`,`22050`,`None`,`0`,`181.89016`,`0.34`,`0`,`0`,`0`,`0`,`0`,`0`,`0`,`0`,`0`,`0`,`0`,`0`,`0`,`0`,`0`,`0`,`9`,`0.3`,`-16.286`,`0`,`0.299`,`162.789`,`77.583`,`4`,`0`,`TRHEKHL1291E07C08C`
`Revolution 9`,`22050`,`None`,`0`,`502.20363`,`11.738`,`0`,`0`,`0`,`0`,`0`,`0`,`0`,`0`,`0`,`0`,`0`,`0`,`0`,`0`,`0`,`0`,`9`,`0.201`,`-21.909`,`0`,`0.241`,`491.369`,`174.581`,`4`,`1`,`TRWYXRQ1291D8E5356`
`Good Night`,`22050`,`None`,`0`,`191.68608`,`3.222`,`0`,`0`,`0`,`0`,`0`,`0`,`0`,`0`,`0`,`0`,`0`,`0`,`0`,`0`,`0`,`0`,`7`,`0.557`,`-21.395`,`1`,`0.627`,`185.417`,`65.743`,`3`,`0.556`,`TRXQHFC1291D8E5357`
`Come Together`,`22050`,`None`,`0`,`260.64934`,`0.996`,`0`,`0`,`0`,`0`,`0`,`0`,`0`,`0`,`0`,`0`,`0`,`0`,`0`,`0`,`0`,`0`,`9`,`0.353`,`-16.425`,`0`,`0.379`,`242.852`,`83.197`,`1`,`0.14`,`TRQYYLJ1291E67FA1C`
`Something`,`22050`,`None`,`0`,`183.01342`,`0.346`,`0`,`0`,`0`,`0`,`0`,`0`,`0`,`0`,`0`,`0`,`0`,`0`,`0`,`0`,`0`,`0`,`0`,`0.555`,`-14.661`,`1`,`0.578`,`173.801`,`132.102`,`4`,`0`,`TRTRKJQ1291D7840DC`
`Maxwell's Silver Hammer`,`22050`,`None`,`0`,`207.28118`,`0.38`,`0`,`0`,`0`,`0`,`0`,`0`,`0`,`0`,`0`,`0`,`0`,`0`,`0`,`0`,`0`,`0`,`2`,`0.437`,`-14.277`,`1`,`0.686`,`202.989`,`131.49`,`1`,`0`,`TRNCSXL1291E07C32C`
`Oh! Darling`,`22050`,`None`,`0`,`206.70649`,`0.38`,`0`,`0`,`0`,`0`,`0`,`0`,`0`,`0`,`0`,`0`,`0`,`0`,`0`,`0`,`0`,`0`,`4`,`0.481`,`-12.168`,`1`,`0.471`,`198.978`,`86.467`,`1`,`0.4`,`TRHCTQK1291E680387`
`Octopus's Garden`,`22050`,`None`,`0`,`171.17995`,`0.361`,`0`,`0`,`0`,`0`,`0`,`0`,`0`,`0`,`0`,`0`,`0`,`0`,`0`,`0`,`0`,`0`,`1`,`0.273`,`-13.248`,`0`,`0.495`,`165.866`,`184.314`,`4`,`0`,`TRKPKWS1291E67FA1B`
`I Want You`,`22050`,`None`,`0`,`467.17342`,`0.357`,`0`,`0`,`0`,`0`,`0`,`0`,`0`,`0`,`0`,`0`,`0`,`0`,`0`,`0`,`0`,`0`,`9`,`0.144`,`-13.404`,`0`,`0.322`,`463.192`,`115.249`,`4`,`0`,`TRQGCGH1291E67FB8A`
`Here Comes The Sun`,`22050`,`None`,`0`,`185.57342`,`0.334`,`0`,`0`,`0`,`0`,`0`,`0`,`0`,`0`,`0`,`0`,`0`,`0`,`0`,`0`,`0`,`0`,`9`,`0.722`,`-13.897`,`1`,`0.488`,`180.779`,`129.33`,`1`,`0.15`,`TRHODII1291E680388`
`Because`,`22050`,`None`,`0`,`165.53751`,`0.393`,`0`,`0`,`0`,`0`,`0`,`0`,`0`,`0`,`0`,`0`,`0`,`0`,`0`,`0`,`0`,`0`,`2`,`0.689`,`-15.66`,`1`,`0.672`,`159.422`,`160.517`,`4`,`1`,`TRKVPFQ1291E07C327`
`You Never Give Me Your Money`,`22050`,`None`,`0`,`242.41587`,`0.176`,`0`,`0`,`0`,`0`,`0`,`0`,`0`,`0`,`0`,`0`,`0`,`0`,`0`,`0`,`0`,`0`,`9`,`0`,`-14.058`,`0`,`0.242`,`223.028`,`88.017`,`4`,`0.797`,`TRBKRRO1291E67FB12`
`Sun King`,`22050`,`None`,`0`,`146.31138`,`0`,`0`,`0`,`0`,`0`,`0`,`0`,`0`,`0`,`0`,`0`,`0`,`0`,`0`,`0`,`0`,`0`,`2`,`0.757`,`-21.147`,`1`,`0.465`,`146.311`,`64.797`,`4`,`0.402`,`TRVRFXN1291E680AE2`
`Mean Mr Mustard`,`22050`,`None`,`0`,`66.29832`,`0`,`0`,`0`,`0`,`0`,`0`,`0`,`0`,`0`,`0`,`0`,`0`,`0`,`0`,`0`,`0`,`0`,`4`,`0.662`,`-9.761`,`1`,`0.437`,`66.298`,`100.524`,`1`,`0`,`TRMKVVU1291DA75744`
`Polythene Pam`,`22050`,`None`,`0`,`72.75057`,`0`,`0`,`0`,`0`,`0`,`0`,`0`,`0`,`0`,`0`,`0`,`0`,`0`,`0`,`0`,`0`,`0`,`2`,`0.125`,`-10.201`,`1`,`0.158`,`72.751`,`166.874`,`1`,`0`,`TRSWHNH1291E07C08D`
`She Came In Through The Bathroom Window`,`22050`,`None`,`0`,`117.73342`,`0`,`0`,`0`,`0`,`0`,`0`,`0`,`0`,`0`,`0`,`0`,`0`,`0`,`0`,`0`,`0`,`0`,`2`,`0.692`,`-9.818`,`1`,`0.739`,`112.501`,`161.717`,`1`,`0`,`TRWMOTH1291DA757BA`
`Golden Slumbers`,`22050`,`None`,`0`,`91.58485`,`0.369`,`0`,`0`,`0`,`0`,`0`,`0`,`0`,`0`,`0`,`0`,`0`,`0`,`0`,`0`,`0`,`0`,`0`,`0.655`,`-15.802`,`1`,`0.618`,`88.427`,`80.986`,`3`,`0.503`,`TREWATQ1291D78329C`
`Carry That Weight`,`22050`,`None`,`0`,`96.88771`,`0`,`0`,`0`,`0`,`0`,`0`,`0`,`0`,`0`,`0`,`0`,`0`,`0`,`0`,`0`,`0`,`0`,`0`,`0.472`,`-11.624`,`1`,`0.531`,`96.888`,`84.415`,`1`,`0`,`TRKGXOI1291E67FB13`
`The End`,`22050`,`None`,`0`,`139.83302`,`0`,`0`,`0`,`0`,`0`,`0`,`0`,`0`,`0`,`0`,`0`,`0`,`0`,`0`,`0`,`0`,`0`,`2`,`0.425`,`-11.109`,`1`,`0.535`,`139.833`,`123.746`,`1`,`0.575`,`TRMUCHC1291E67FB8B`
`Her Majesty`,`22050`,`None`,`0`,`23.14404`,`0.316`,`0`,`0`,`0`,`0`,`0`,`0`,`0`,`0`,`0`,`0`,`0`,`0`,`0`,`0`,`0`,`0`,`9`,`0.233`,`-25.666`,`1`,`0.517`,`23.144`,`100.394`,`4`,`0.287`,`TRZTHTD1291E67FA1D`
`Two of Us`,`22050`,`None`,`0`,`216.66621`,`0.995`,`0`,`0`,`0`,`0`,`0`,`0`,`0`,`0`,`0`,`0`,`0`,`0`,`0`,`0`,`0`,`0`,`7`,`0.975`,`-14.609`,`1`,`0.824`,`198.362`,`109.732`,`1`,`0`,`TRYCMMI1291E67FB8C`
`Dig a Pony`,`22050`,`None`,`0`,`234.79955`,`3.791`,`0`,`0`,`0`,`0`,`0`,`0`,`0`,`0`,`0`,`0`,`0`,`0`,`0`,`0`,`0`,`0`,`2`,`0.152`,`-11.424`,`1`,`0.269`,`220.114`,`118.332`,`1`,`0.034`,`TRZGMYU1291E68038A`
`Across the Universe`,`22050`,`None`,`0`,`228.55955`,`0.363`,`0`,`0`,`0`,`0`,`0`,`0`,`0`,`0`,`0`,`0`,`0`,`0`,`0`,`0`,`0`,`0`,`1`,`0.913`,`-13.525`,`1`,`0.65`,`208.086`,`76.376`,`1`,`0.014`,`TRFFSYR1291E68076B`
`I Me Mine`,`22050`,`None`,`0`,`145.73288`,`0.374`,`0`,`0`,`0`,`0`,`0`,`0`,`0`,`0`,`0`,`0`,`0`,`0`,`0`,`0`,`0`,`0`,`7`,`0.049`,`-9.674`,`1`,`0.392`,`141.003`,`86.895`,`3`,`0.876`,`TRGEGBI1291E67F399`
`Dig It`,`22050`,`None`,`0`,`49.99955`,`0.949`,`0`,`0`,`0`,`0`,`0`,`0`,`0`,`0`,`0`,`0`,`0`,`0`,`0`,`0`,`0`,`0`,`5`,`0.602`,`-14.434`,`1`,`0.295`,`50`,`104.178`,`3`,`0.443`,`TRKPNQY1291E68038C`
`Let It Be`,`22050`,`None`,`0`,`243.30621`,`0.182`,`0`,`0`,`0`,`0`,`0`,`0`,`0`,`0`,`0`,`0`,`0`,`0`,`0`,`0`,`0`,`0`,`0`,`0.837`,`-11.531`,`1`,`0.694`,`235.601`,`138.636`,`4`,`0`,`TRVUIBJ1291E67F39D`
`Maggie Mae`,`22050`,`None`,`0`,`40.59955`,`0.345`,`0`,`0`,`0`,`0`,`0`,`0`,`0`,`0`,`0`,`0`,`0`,`0`,`0`,`0`,`0`,`0`,`7`,`0.734`,`-12.301`,`1`,`0.639`,`40.6`,`170.897`,`4`,`0`,`TRYLOAS1291E67F398`
`I've Got A Feeling`,`22050`,`None`,`0`,`217.95955`,`0.406`,`0`,`0`,`0`,`0`,`0`,`0`,`0`,`0`,`0`,`0`,`0`,`0`,`0`,`0`,`0`,`0`,`2`,`0.661`,`-13.396`,`1`,`0.633`,`205.41`,`83.2`,`1`,`0`,`TRIGPNP1291E07C331`
`One After 909`,`22050`,`None`,`0`,`175.50621`,`0.359`,`0`,`0`,`0`,`0`,`0`,`0`,`0`,`0`,`0`,`0`,`0`,`0`,`0`,`0`,`0`,`0`,`1`,`0.497`,`-10.152`,`0`,`0.495`,`159.353`,`182.373`,`4`,`0.734`,`TRYWSLE1291DA75771`
`The Long and Winding Road`,`22050`,`None`,`0`,`217.86621`,`0.352`,`0`,`0`,`0`,`0`,`0`,`0`,`0`,`0`,`0`,`0`,`0`,`0`,`0`,`0`,`0`,`0`,`3`,`0.35`,`-13.741`,`1`,`0.626`,`212.445`,`68.42`,`1`,`0`,`TRUBYET1291D8E5360`
`For You Blue`,`22050`,`None`,`0`,`152.73288`,`3.744`,`0`,`0`,`0`,`0`,`0`,`0`,`0`,`0`,`0`,`0`,`0`,`0`,`0`,`0`,`0`,`0`,`2`,`0.644`,`-13.461`,`1`,`0.602`,`146.286`,`128.685`,`1`,`0`,`TRMYIZE1291E67F39C`
`Get Back`,`22050`,`None`,`0`,`187.09288`,`0.368`,`0`,`0`,`0`,`0`,`0`,`0`,`0`,`0`,`0`,`0`,`0`,`0`,`0`,`0`,`0`,`0`,`2`,`0.691`,`-14.135`,`1`,`0.632`,`168.356`,`123.315`,`1`,`0`,`TRQQQDW1291E07C328`
